,composer,measure,starttime,stoptime,duration,instrument,line,note,year,year_stop,year_x,,10,1,
0,Bach,1,1.5,2,0.5,organ,bass,c,11.5,12,11.25,,12.5,2,.5: 1.25
1,Bach,1,2,2.5,0.5,organ,bass,e,12,12.5,12.5,,15,3,2.5
2,Bach,1,2.5,3,0.5,organ,bass,c,12.5,13,13.75,,17.5,4,
3,Bach,1,3,3.5,0.5,organ,bass,g,13,13.5,15,,,,
4,Bach,1,3.5,4,0.5,organ,bass,b,13.5,14,16.25,,,,
5,Bach,1,4,4.5,0.5,organ,bass,c,14,14.5,17.5,,,,
6,Bach,1,4.5,5,0.5,organ,bass,d,14.5,15,18.75,,,,
7,Bach,1,2,3,1,organ,soprano,c,12,13,12.5,,,,
8,Bach,1,3,4,1,organ,soprano,b,13,14,15,,,,
9,Bach,1,4,5,1,organ,soprano,a,14,15,17.5,,,,
10,Bach,2,1,2,1,organ,soprano,b,21,22,20,,,,
11,Bach,2,2,3,1,organ,soprano,g,22,23,22.5,,,,
12,Bach,2,3,4,1,organ,soprano,a,23,24,25,,,,
13,Bach,2,4,5,1,organ,soprano,b,24,25,27.5,,,,
14,Bach,3,1,3,1,organ,soprano,c,31,33,30,,,,
15,Bach,2,1,1.5,0.5,organ,bass,g,21,21.5,20,,,,
16,Bach,2,1.5,2,0.5,organ,bass,g,21.5,22,21.25,,,,
17,Bach,2,2,2.5,0.5,organ,bass,c,22,22.5,22.5,,,,
18,Bach,2,2.5,3,0.5,organ,bass,bflat,22.5,23,23.75,,,,
19,Bach,2,3,3.5,0.5,organ,bass,a,23,23.5,25,,,,
20,Bach,2,3.5,4.5,1,organ,bass,f,23.5,24.5,26.25,,,,
21,Bach,2,4.5,5,0.5,organ,bass,e,24.5,25,28.75,,,,
22,Bach,2,2,3,1,organ,middle,e,22,23,22.5,,,,
23,Bach,2,3,4,1,organ,middle,f,23,24,25,,,,
24,Bach,2,4,5,1,organ,middle,g,24,25,27.5,,,,
25,Bach,3,1,2,1,organ,middle,f,31,32,30,,,,
26,Bach,3,2,3,1,organ,middle,a,32,33,32.5,,,,
27,Bach,3,3,4,1,organ,middle,g,33,34,35,,,,
28,Bach,3,4,5,1,organ,middle,f,34,35,37.5,,,,
29,Bach,4,1,3,2,organ,middle,e,41,43,40,,,,
30,Bach,3,1,1.5,0.5,organ,bass,a,31,31.5,30,,,,
31,Bach,3,1.5,2,0.5,organ,bass,a,31.5,32,31.25,,,,
32,Bach,3,2,2.5,0.5,organ,bass,g,32,32.5,32.5,,,,
33,Bach,3,2.5,3,0.5,organ,bass,f,32.5,33,33.75,,,,
34,Bach,3,3,3.5,0.5,organ,bass,e,33,33.5,35,,,,
35,Bach,3,3.5,4,0.5,organ,bass,c,33.5,34,36.25,,,,
36,Bach,3,4,4.5,0.5,organ,bass,d,34,34.5,37.5,,,,
37,Bach,3,4.5,5,0.5,organ,bass,b,34.5,35,38.75,,,,
38,Bach,4,1,1.5,0.5,organ,bass,c,41,41.5,40,,,,
39,Bach,4,1.5,2,0.5,organ,bass,d,41.5,42,41.25,,,,
40,Bach,4,2,2.5,0.5,organ,bass,e,42,42.5,42.5,,,,
41,Bach,4,2.5,3,0.5,organ,bass,c,42.5,43,43.75,,,,
42,Bach,4,3,3.5,0.5,organ,bass,a,43,43.5,45,,,,
43,Bach,4,3.5,4,0.5,organ,bass,b,43.5,44,46.25,,,,
44,Bach,4,4,4.5,0.5,organ,bass,c,44,44.5,47.5,,,,
45,Bach,4,4.5,5,0.5,organ,bass,a,44.5,45,48.75,,,,
46,Bach,4,2,3,1,organ,soprano,c,42,43,42.5,,,,
47,Bach,4,3,4,1,organ,soprano,c,43,44,45,,,,
48,Bach,4,4,5,1,organ,soprano,g,44,45,47.5,,,,
49,Stravinsky,1,2,3,1,oboe,soprano,c,12,13,12.5,,,,
50,Stravinsky,1,3,4,1,oboe,soprano,b,13,14,15,,,,
51,Stravinsky,1,4,5,1,oboe,soprano,a,14,15,17.5,,,,
52,Stravinsky,2,1,2,1,oboe,soprano,b,21,22,20,,,,
53,Stravinsky,2,2,3,1,oboe,soprano,g,22,23,22.5,,,,
54,Stravinsky,2,3,4,1,oboe,soprano,a,23,24,25,,,,
55,Stravinsky,2,4,5,1,oboe,soprano,b,24,25,27.5,,,,
56,Stravinsky,3,1,3,1,oboe,soprano,c,31,33,30,,,,
57,Stravinsky,4,2,3,1,oboe,soprano,c,42,43,42.5,,,,
58,Stravinsky,4,3,4,1,oboe,soprano,c,43,44,45,,,,
59,Stravinsky,4,4,5,1,oboe,soprano,g,44,45,47.5,,,,
60,Stravinsky,2,2,3,1,flute,middle,e,22,23,22.5,,,,
61,Stravinsky,2,3,4,1,flute,middle,f,23,24,25,,,,
62,Stravinsky,2,4,5,1,flute,middle,g,24,25,27.5,,,,
63,Stravinsky,3,1,2,1,flute,middle,f,31,32,30,,,,
64,Stravinsky,3,2,3,1,flute,middle,a,32,33,32.5,,,,
65,Stravinsky,3,3,4,1,flute,middle,g,33,34,35,,,,
66,Stravinsky,3,4,5,1,flute,middle,f,34,35,37.5,,,,
67,Stravinsky,4,1,3,2,flute,middle,e,41,43,40,,,,
68,Stravinsky,1,2,2.5,0.5,oboe_b,soprano,c,12,12.5,12.5,,,,
69,Stravinsky,1,3,3.5,0.5,oboe_b,soprano,b,13,13.5,15,,,,
70,Stravinsky,1,4,4.5,0.5,oboe_b,soprano,a,14,14.5,17.5,,,,
71,Stravinsky,2,1,1.5,0.5,oboe_b,soprano,b,21,21.5,20,,,,
72,Stravinsky,2,2,2.5,0.5,oboe_b,soprano,g,22,22.5,22.5,,,,
73,Stravinsky,2,3,3.5,0.5,oboe_b,soprano,a,23,23.5,25,,,,
74,Stravinsky,2,4,4.5,0.5,oboe_b,soprano,b,24,24.5,27.5,,,,
75,Stravinsky,3,1,1.5,0.5,oboe_b,soprano,c,31,31.5,30,,,,
76,Stravinsky,4,2,2.5,0.5,oboe_b,soprano,c,42,42.5,42.5,,,,
77,Stravinsky,4,3,3.5,0.5,oboe_b,soprano,c,43,43.5,45,,,,
78,Stravinsky,4,4,4.5,0.5,oboe_b,soprano,g,44,44.5,47.5,,,,
79,Stravinsky,2,2,2.5,0.5,flute_b,middle,e,22,22.5,22.5,,,,
80,Stravinsky,2,3,3.5,0.5,flute_b,middle,f,23,23.5,25,,,,
81,Stravinsky,2,4,4.5,0.5,flute_b,middle,g,24,24.5,27.5,,,,
82,Stravinsky,3,1,1.5,0.5,flute_b,middle,f,31,31.5,30,,,,
83,Stravinsky,3,2,2.5,0.5,flute_b,middle,a,32,32.5,32.5,,,,
84,Stravinsky,3,3,3.5,0.5,flute_b,middle,g,33,33.5,35,,,,
85,Stravinsky,3,4,4.5,0.5,flute_b,middle,f,34,34.5,37.5,,,,
86,Stravinsky,4,1,1.5,0.5,flute_b,middle,e,41,41.5,40,,,,
87,Stravinsky,1,1.5,2,0.5,harp,bass,c,11.5,12,11.25,,,,
88,Stravinsky,1,2,2.5,0.5,harp,bass,e,12,12.5,12.5,,,,
89,Stravinsky,1,2.5,3,0.5,harp,bass,c,12.5,13,13.75,,,,
90,Stravinsky,1,3,3.5,0.5,harp,bass,g,13,13.5,15,,,,
91,Stravinsky,1,3.5,4,0.5,harp,bass,b,13.5,14,16.25,,,,
92,Stravinsky,1,4,4.5,0.5,harp,bass,c,14,14.5,17.5,,,,
93,Stravinsky,1,4.5,5,0.5,harp,bass,d,14.5,15,18.75,,,,
94,Stravinsky,2,1,1.5,0.5,harp,bass,g,21,21.5,20,,,,
95,Stravinsky,2,1.5,2,0.5,harp,bass,g,21.5,22,21.25,,,,
96,Stravinsky,2,2,2.5,0.5,harp,bass,c,22,22.5,22.5,,,,
97,Stravinsky,2,2.5,3,0.5,harp,bass,bflat,22.5,23,23.75,,,,
98,Stravinsky,2,3,3.5,0.5,harp,bass,a,23,23.5,25,,,,
99,Stravinsky,2,3.5,4,0.5,harp,bass,f,23.5,24,26.25,,,,
100,Stravinsky,2,4.5,5,0.5,harp,bass,e,24.5,25,28.75,,,,
101,Stravinsky,3,1,1.5,0.5,harp,bass,a,31,31.5,30,,,,
102,Stravinsky,3,1.5,2,0.5,harp,bass,a,31.5,32,31.25,,,,
103,Stravinsky,3,2,2.5,0.5,harp,bass,g,32,32.5,32.5,,,,
104,Stravinsky,3,2.5,3,0.5,harp,bass,f,32.5,33,33.75,,,,
105,Stravinsky,3,3,3.5,0.5,harp,bass,e,33,33.5,35,,,,
106,Stravinsky,3,3.5,4,0.5,harp,bass,c,33.5,34,36.25,,,,
107,Stravinsky,3,4,4.5,0.5,harp,bass,d,34,34.5,37.5,,,,
108,Stravinsky,3,4.5,5,0.5,harp,bass,b,34.5,35,38.75,,,,
109,Stravinsky,4,1,1.5,0.5,harp,bass,c,41,41.5,40,,,,
110,Stravinsky,4,1.5,2,0.5,harp,bass,d,41.5,42,41.25,,,,
111,Stravinsky,4,2,2.5,0.5,harp,bass,e,42,42.5,42.5,,,,
112,Stravinsky,4,2.5,3,0.5,harp,bass,c,42.5,43,43.75,,,,
113,Stravinsky,4,3,3.5,0.5,harp,bass,a,43,43.5,45,,,,
114,Stravinsky,4,3.5,4,0.5,harp,bass,b,43.5,44,46.25,,,,
115,Stravinsky,4,4,4.5,0.5,harp,bass,c,44,44.5,47.5,,,,
116,Stravinsky,4,4.5,5,0.5,harp,bass,a,44.5,45,48.75,,,,
117,Stravinsky,1,1.5,2,0.5,viole,bass,c,11.5,12,11.25,,,,
118,Stravinsky,1,2,2.5,0.5,viole,bass,e,12,12.5,12.5,,,,
119,Stravinsky,1,2.5,3,0.5,viole,bass,c,12.5,13,13.75,,,,
120,Stravinsky,1,3,3.5,0.5,viole,bass,g,13,13.5,15,,,,
121,Stravinsky,1,3.5,4,0.5,contrabass,bass,b,13.5,14,16.25,,,,
122,Stravinsky,1,4,4.5,0.5,contrabass,bass,c,14,14.5,17.5,,,,
123,Stravinsky,1,4.5,5,0.5,contrabass,bass,d,14.5,15,18.75,,,,
124,Stravinsky,2,1,1.5,0.5,contrabass,bass,g,21,21.5,20,,,,
125,Stravinsky,2,1.5,2,0.5,viole,bass,g,21.5,22,21.25,,,,
126,Stravinsky,2,2,2.5,0.5,viole,bass,c,22,22.5,22.5,,,,
127,Stravinsky,2,2.5,3,0.5,viole,bass,bflat,22.5,23,23.75,,,,
128,Stravinsky,2,3,3.5,0.5,viole,bass,a,23,23.5,25,,,,
129,Stravinsky,2,3.5,4.5,1,viole,bass,f,23.5,24.5,26.25,,,,
130,Stravinsky,2,4.5,5,0.5,viole,bass,e,24.5,25,28.75,,,,
131,Stravinsky,3,1,1.5,0.5,contrabass,bass,a,31,31.5,30,,,,
132,Stravinsky,3,1.5,2,0.5,viole,bass,a,31.5,32,31.25,,,,
133,Stravinsky,3,2,2.5,0.5,viole,bass,g,32,32.5,32.5,,,,
134,Stravinsky,3,2.5,3,0.5,viole,bass,f,32.5,33,33.75,,,,
135,Stravinsky,3,3,3.5,0.5,viole,bass,e,33,33.5,35,,,,
136,Stravinsky,3,3.5,4,0.5,viole,bass,c,33.5,34,36.25,,,,
137,Stravinsky,3,4,4.5,0.5,viole,bass,d,34,34.5,37.5,,,,
138,Stravinsky,3,4.5,5,0.5,viole,bass,b,34.5,35,38.75,,,,
139,Stravinsky,4,1,1.5,0.5,viole,bass,c,41,41.5,40,,,,
140,Stravinsky,4,1.5,2,0.5,contrabass,bass,d,41.5,42,41.25,,,,
141,Stravinsky,4,2,2.5,0.5,contrabass,bass,e,42,42.5,42.5,,,,
142,Stravinsky,4,2.5,3,0.5,contrabass,bass,c,42.5,43,43.75,,,,
143,Stravinsky,4,3,3.5,0.5,contrabass,bass,a,43,43.5,45,,,,
144,Stravinsky,4,3.5,4,0.5,contrabass,bass,b,43.5,44,46.25,,,,
145,Stravinsky,4,4,4.5,0.5,contrabass,bass,c,44,44.5,47.5,,,,
146,Stravinsky,4,4.5,5,0.5,contrabass,bass,a,44.5,45,48.75,,,,
147,Bach,5,1,2,1,organ,soprano,g,51,52,50,,,,
148,Bach,5,2,2.5,0.5,organ,soprano,e,52,52.5,52.5,,,,
149,Bach,5,2.5,3,0.5,organ,soprano,f,52.5,53,53.75,,,,
150,Bach,5,3,4,1,organ,soprano,g,53,54,55,,,,
151,Bach,5,4,5,1,organ,soprano,f,54,55,57.5,,,,
152,Bach,6,1,3,2,organ,soprano,e,61,63,60,,,,
153,Bach,7,2,3,1,organ,soprano,e,72,73,72.5,,,,
154,Bach,7,3,4,1,organ,soprano,a,73,74,75,,,,
155,Bach,7,4,5,1,organ,soprano,a,74,75,77.5,,,,
156,Bach,8,1,2.5,1.5,organ,soprano,g,81,82.5,80,,,,
157,Bach,8,2.5,3,0.5,organ,soprano,a,82.5,83,83.75,,,,
158,Bach,8,3,5,2,organ,soprano,b,83,85,85,,,,
159,Bach,9,1,2.5,1.5,organ,soprano,c,91,92.5,90,,,,
160,Bach,9,2.5,3,0.5,organ,soprano,b,92.5,93,93.75,,,,
161,Bach,9,3,5,2,organ,soprano,a,93,95,95,,,,
162,Bach,5,2,3,1,organ,middle,e,52,53,52.5,,,,
163,Bach,5,3,4,1,organ,middle,e,53,54,55,,,,
164,Bach,5,4,5,1,organ,middle,a,54,55,57.5,,,,
165,Bach,6,1,2,1,organ,middle,a,61,62,60,,,,
166,Bach,6,2,2.5,0.5,organ,middle,c,62,62.5,62.5,,,,
167,Bach,6,2.5,3,0.5,organ,middle,b,62.5,63,63.75,,,,
168,Bach,6,3,4,1,organ,middle,a,63,64,65,,,,
169,Bach,6,4,5,1,organ,middle,b,64,65,67.5,,,,
170,Bach,7,1,3,2,organ,middle,c,71,73,70,,,,
171,Bach,8,2,3,1,organ,middle,c,82,83,82.5,,,,
172,Bach,8,3,4,1,organ,middle,g,83,84,85,,,,
173,Bach,8,4,5,1,organ,middle,g,84,85,87.5,,,,
174,Bach,9,1,2.5,1.5,organ,middle,a,91,92.5,90,,,,
175,Bach,9,2.5,3,0.5,organ,middle,g,92.5,93,93.75,,,,
176,Bach,9,3,5,2,organ,middle,f,93,95,95,,,,
177,Bach,5,1,1.5,0.5,organ,bass,b,51,51.5,50,,,,
178,Bach,5,1.5,2,0.5,organ,bass,g,51.5,52,51.25,,,,
179,Bach,5,2,2.5,0.5,organ,bass,c,52,52.5,52.5,,,,
180,Bach,5,2.5,3,0.5,organ,bass,b,52.5,53,53.75,,,,
181,Bach,5,3,3.5,0.5,organ,bass,a,53,53.5,55,,,,
182,Bach,5,3.5,4.5,1,organ,bass,a,53.5,54.5,56.25,,,,
183,Bach,5,4.5,5,0.5,organ,bass,b,54.5,55,58.75,,,,
184,Bach,6,1,1.5,0.5,organ,bass,c,61,61.5,60,,,,
185,Bach,6,1.5,2,0.5,organ,bass,b,61.5,62,61.25,,,,
186,Bach,6,2,2.5,0.5,organ,bass,a,62,62.5,62.5,,,,
187,Bach,6,2.5,3,0.5,organ,bass,g,62.5,63,63.75,,,,
188,Bach,6,3,3.5,0.5,organ,bass,f,63,63.5,65,,,,
189,Bach,6,3.5,4,0.5,organ,bass,e,63.5,64,66.25,,,,
190,Bach,6,4,4.5,0.5,organ,bass,d,64,64.5,67.5,,,,
191,Bach,6,4.5,5,0.5,organ,bass,g,64.5,65,68.75,,,,
192,Bach,7,1,1.5,0.5,organ,bass,e,71,71.5,70,,,,
193,Bach,7,1.5,2,0.5,organ,bass,c,71.5,72,71.25,,,,
194,Bach,7,2.5,3,0.5,organ,bass,c,72.5,73,73.75,,,,
195,Bach,7,3,3.5,0.5,organ,bass,f,73,73.5,75,,,,
196,Bach,7,3.5,4,0.5,organ,bass,e,73.5,74,76.25,,,,
197,Bach,7,4,4.5,0.5,organ,bass,d,74,74.5,77.5,,,,
198,Bach,7,4.5,5,0.5,organ,bass,c,74.5,75,78.75,,,,
199,Bach,8,1,1.5,0.5,organ,bass,b,81,81.5,80,,,,
200,Bach,8,1.5,2,0.5,organ,bass,e,81.5,82,81.25,,,,
201,Bach,8,2,3.5,1.5,organ,bass,e,82,83.5,82.5,,,,
202,Bach,8,3.5,4,0.5,organ,bass,f,83.5,84,86.25,,,,
203,Bach,8,4,4.5,0.5,organ,bass,e,84,84.5,87.5,,,,
204,Bach,8,4.5,5,0.5,organ,bass,d,84.5,85,88.75,,,,
205,Bach,9,1,1.5,0.5,organ,bass,c,91,91.5,90,,,,
206,Bach,9,1.5,2,0.5,organ,bass,a,91.5,92,91.25,,,,
207,Bach,9,2,2.5,0.5,organ,bass,b,92,92.5,92.5,,,,
208,Bach,9,2.5,3,0.5,organ,bass,c,92.5,93,93.75,,,,
209,Bach,9,3,3.5,0.5,organ,bass,d,93,93.5,95,,,,
210,Bach,9,3.5,4,0.5,organ,bass,a,93.5,94,96.25,,,,
211,Bach,9,4,4.5,0.5,organ,bass,d,94,94.5,97.5,,,,
212,Bach,9,4.5,5.5,1,organ,bass,d,94.5,95.5,98.75,,,,
213,Stravinsky,5,2,3,1,flute,middle,e,52,53,52.5,,,,
214,Stravinsky,5,3,4,1,flute,middle,e,53,54,55,,,,
215,Stravinsky,5,4,5,1,flute,middle,a,54,55,57.5,,,,
216,Stravinsky,6,1,2,1,flute,middle,a,61,62,60,,,,
217,Stravinsky,6,2,2.5,0.5,flute,middle,c,62,62.5,62.5,,,,
218,Stravinsky,6,2.5,3,0.5,flute,middle,b,62.5,63,63.75,,,,
219,Stravinsky,6,3,4,1,flute,middle,a,63,64,65,,,,
220,Stravinsky,6,4,5,1,flute,middle,b,64,65,67.5,,,,
221,Stravinsky,7,1,3,2,flute,middle,c,71,73,70,,,,
222,Stravinsky,8,2,3,1,flute,middle,c,82,83,82.5,,,,
223,Stravinsky,8,3,4,1,flute,middle,g,83,84,85,,,,
224,Stravinsky,8,4,5,1,flute,middle,g,84,85,87.5,,,,
225,Stravinsky,9,1,2.5,1.5,flute,middle,a,91,92.5,90,,,,
226,Stravinsky,9,2.5,3,0.5,flute,middle,g,92.5,93,93.75,,,,
227,Stravinsky,9,3,3.5,0.5,flute,middle,g,93,93.5,95,,,,
228,Stravinsky,9,3.5,5,1.5,flute,middle,f,93.5,95,96.25,,,,
229,Stravinsky,5,2,2.5,0.5,flute_b,middle,e,52,52.5,52.5,,,,
230,Stravinsky,5,4,4.5,0.5,flute_b,middle,a,54,54.5,57.5,,,,
231,Stravinsky,6,2,2.5,0.5,flute_b,middle,c,62,62.5,62.5,,,,
232,Stravinsky,6,3,3.5,0.5,flute_b,middle,a,63,63.5,65,,,,
233,Stravinsky,6,4,4.5,0.5,flute_b,middle,b,64,64.5,67.5,,,,
234,Stravinsky,7,1,1.5,0.5,flute_b,middle,c,71,71.5,70,,,,
235,Stravinsky,8,2,2.5,0.5,flute_b,middle,c,82,82.5,82.5,,,,
236,Stravinsky,8,3,3.5,0.5,flute_b,middle,g,83,83.5,85,,,,
237,Stravinsky,8,4,4.5,0.5,flute_b,middle,g,84,84.5,87.5,,,,
238,Stravinsky,9,1,1.5,0.5,flute_b,middle,a,91,91.5,90,,,,
239,Stravinsky,9,3,3.5,0.5,flute_b,middle,g,93,93.5,95,,,,
240,Stravinsky,5,1,2,1,oboe,soprano,g,51,52,50,,,,
241,Stravinsky,5,2,2.5,0.5,oboe,soprano,e,52,52.5,52.5,,,,
242,Stravinsky,5,2.5,3,0.5,oboe,soprano,f,52.5,53,53.75,,,,
243,Stravinsky,5,3,4,1,oboe,soprano,g,53,54,55,,,,
244,Stravinsky,5,4,5,1,oboe,soprano,f,54,55,57.5,,,,
245,Stravinsky,6,1,3,2,oboe,soprano,e,61,63,60,,,,
246,Stravinsky,7,2,3,1,oboe,soprano,e,72,73,72.5,,,,
247,Stravinsky,7,3,4,1,oboe,soprano,a,73,74,75,,,,
248,Stravinsky,7,4,5,1,oboe,soprano,a,74,75,77.5,,,,
249,Stravinsky,8,1,2.5,1.5,oboe,soprano,g,81,82.5,80,,,,
250,Stravinsky,8,2.5,3,0.5,oboe,soprano,a,82.5,83,83.75,,,,
251,Stravinsky,8,3,3.5,0.5,oboe,soprano,a,83,83.5,85,,,,
252,Stravinsky,8,3.5,5,1.5,oboe,soprano,b,83.5,85,86.25,,,,
253,Stravinsky,9,1,2.5,1.5,oboe,soprano,c,91,92.5,90,,,,
254,Stravinsky,9,2.5,3,0.5,oboe,soprano,b,92.5,93,93.75,,,,
255,Stravinsky,9,3,3.142857,0.142857,oboe,soprano,b,93,93.142857,95,,,,
256,Stravinsky,9,3.1428,3.285657,0.142857,oboe,soprano,a,93.1428,93.285657,95.357,,,,
257,Stravinsky,9,3.2856,3.428457,0.142857,oboe,soprano,g,93.2856,93.428457,95.714,,,,
258,Stravinsky,9,3.4284,3.571257,0.142857,oboe,soprano,a,93.4284,93.571257,96.071,,,,
259,Stravinsky,9,3.5712,3.714057,0.142857,oboe,soprano,b,93.5712,93.714057,96.428,,,,
260,Stravinsky,9,3.714,3.856857,0.142857,oboe,soprano,a,93.714,93.856857,96.785,,,,
261,Stravinsky,9,3.8568,3.999657,0.142857,oboe,soprano,b,93.8568,93.999657,97.142,,,,
262,Stravinsky,9,4,4.142857,0.142857,oboe,soprano,a,94,94.142857,97.5,,,,
263,Stravinsky,9,4.1428,4.285657,0.142857,oboe,soprano,b,94.1428,94.285657,97.857,,,,
264,Stravinsky,9,4.2856,4.428457,0.142857,oboe,soprano,a,94.2856,94.428457,98.214,,,,
265,Stravinsky,9,4.4284,4.571257,0.142857,oboe,soprano,b,94.4284,94.571257,98.571,,,,
266,Stravinsky,9,4.5712,4.714057,0.142857,oboe,soprano,a,94.5712,94.714057,98.928,,,,
267,Stravinsky,9,4.714,4.856857,0.142857,oboe,soprano,g,94.714,94.856857,99.285,,,,
268,Stravinsky,9,4.8568,4.999657,0.142857,oboe,soprano,a,94.8568,94.999657,99.642,,,,
269,Stravinsky,5,2,2.5,0.5,oboe_b,soprano,e,52,52.5,52.5,,,,
270,Stravinsky,5,3,3.5,0.5,oboe_b,soprano,g,53,53.5,55,,,,
271,Stravinsky,5,4,4.5,0.5,oboe_b,soprano,f,54,54.5,57.5,,,,
272,Stravinsky,6,1,1.5,0.5,oboe_b,soprano,e,61,61.5,60,,,,
273,Stravinsky,7,2,2.5,0.5,oboe_b,soprano,e,72,72.5,72.5,,,,
274,Stravinsky,7,3,3.5,0.5,oboe_b,soprano,a,73,73.5,75,,,,
275,Stravinsky,7,4,4.5,0.5,oboe_b,soprano,a,74,74.5,77.5,,,,
276,Stravinsky,8,1,1.5,0.5,oboe_b,soprano,g,81,81.5,80,,,,
277,Stravinsky,8,3,3.5,0.5,oboe_b,soprano,a,83,83.5,85,,,,
278,Stravinsky,9,1,1.5,0.5,oboe_b,soprano,c,91,91.5,90,,,,
279,Stravinsky,9,3,3.5,0.5,oboe_b,soprano,b,93,93.5,95,,,,
280,Stravinsky,5,1,1.5,0.5,harp,bass,b,51,51.5,50,,,,
281,Stravinsky,5,1.5,2,0.5,harp,bass,g,51.5,52,51.25,,,,
282,Stravinsky,5,2,2.5,0.5,harp,bass,c,52,52.5,52.5,,,,
283,Stravinsky,5,2.5,3,0.5,harp,bass,b,52.5,53,53.75,,,,
284,Stravinsky,5,3,3.5,0.5,harp,bass,a,53,53.5,55,,,,
285,Stravinsky,5,3.5,4,0.5,harp,bass,a,53.5,54,56.25,,,,
286,Stravinsky,5,4.5,5,0.5,harp,bass,b,54.5,55,58.75,,,,
287,Stravinsky,6,1,1.5,0.5,harp,bass,c,61,61.5,60,,,,
288,Stravinsky,6,1.5,2,0.5,harp,bass,b,61.5,62,61.25,,,,
289,Stravinsky,6,2,2.5,0.5,harp,bass,a,62,62.5,62.5,,,,
290,Stravinsky,6,2.5,3,0.5,harp,bass,g,62.5,63,63.75,,,,
291,Stravinsky,6,3,3.5,0.5,harp,bass,f,63,63.5,65,,,,
292,Stravinsky,6,3.5,4,0.5,harp,bass,e,63.5,64,66.25,,,,
293,Stravinsky,6,4,4.5,0.5,harp,bass,d,64,64.5,67.5,,,,
294,Stravinsky,6,4.5,5,0.5,harp,bass,g,64.5,65,68.75,,,,
295,Stravinsky,7,1,1.5,0.5,harp,bass,e,71,71.5,70,,,,
296,Stravinsky,7,1.5,2,0.5,harp,bass,c,71.5,72,71.25,,,,
297,Stravinsky,7,2.5,3,0.5,harp,bass,c,72.5,73,73.75,,,,
298,Stravinsky,7,3,3.5,0.5,harp,bass,f,73,73.5,75,,,,
299,Stravinsky,7,3.5,4,0.5,harp,bass,e,73.5,74,76.25,,,,
300,Stravinsky,7,4,4.5,0.5,harp,bass,d,74,74.5,77.5,,,,
301,Stravinsky,7,4.5,5,0.5,harp,bass,c,74.5,75,78.75,,,,
302,Stravinsky,8,1,1.5,0.5,harp,bass,b,81,81.5,80,,,,
303,Stravinsky,8,1.5,2,0.5,harp,bass,e,81.5,82,81.25,,,,
304,Stravinsky,8,2,2.5,0.5,harp,bass,e,82,82.5,82.5,,,,
305,Stravinsky,8,3.5,4,0.5,harp,bass,f,83.5,84,86.25,,,,
306,Stravinsky,8,4,4.5,0.5,harp,bass,e,84,84.5,87.5,,,,
307,Stravinsky,8,4.5,5,0.5,harp,bass,d,84.5,85,88.75,,,,
308,Stravinsky,9,1,1.5,0.5,harp,bass,c,91,91.5,90,,,,
309,Stravinsky,9,1.5,2,0.5,harp,bass,a,91.5,92,91.25,,,,
310,Stravinsky,9,2,2.5,0.5,harp,bass,b,92,92.5,92.5,,,,
311,Stravinsky,9,2.5,3,0.5,harp,bass,c,92.5,93,93.75,,,,
312,Stravinsky,9,3,3.5,0.5,harp,bass,d,93,93.5,95,,,,
313,Stravinsky,9,3.5,4,0.5,harp,bass,a,93.5,94,96.25,,,,
314,Stravinsky,9,4,4.5,0.5,harp,bass,d,94,94.5,97.5,,,,
315,Stravinsky,9,4.5,5,0.5,harp,bass,d,94.5,95,98.75,,,,
316,Stravinsky,5,1,1.5,0.5,contrabass,bass,b,51,51.5,50,,,,
317,Stravinsky,5,1.5,2,0.5,contrabass,bass,g,51.5,52,51.25,,,,
318,Stravinsky,5,2,2.5,0.5,contrabass,bass,c,52,52.5,52.5,,,,
319,Stravinsky,5,2.5,3,0.5,contrabass,bass,b,52.5,53,53.75,,,,
320,Stravinsky,5,3,3.5,0.5,contrabass,bass,a,53,53.5,55,,,,
321,Stravinsky,5,3.5,4.5,1,viole,bass,a,53.5,54.5,56.25,,,,
322,Stravinsky,5,4.5,5,0.5,viole,bass,b,54.5,55,58.75,,,,
323,Stravinsky,6,1,1.5,0.5,viole,bass,c,61,61.5,60,,,,
324,Stravinsky,6,1.5,2,0.5,viole,bass,b,61.5,62,61.25,,,,
325,Stravinsky,6,2,2.5,0.5,viole,bass,a,62,62.5,62.5,,,,
326,Stravinsky,6,2.5,3,0.5,viole,bass,g,62.5,63,63.75,,,,
327,Stravinsky,6,3,3.5,0.5,viole,bass,f,63,63.5,65,,,,
328,Stravinsky,6,3.5,4,0.5,viole,bass,e,63.5,64,66.25,,,,
329,Stravinsky,6,4,4.5,0.5,viole,bass,d,64,64.5,67.5,,,,
330,Stravinsky,6,4.5,5,0.5,viole,bass,g,64.5,65,68.75,,,,
331,Stravinsky,7,1,1.5,0.5,viole,bass,e,71,71.5,70,,,,
332,Stravinsky,7,1.5,2,0.5,viole,bass,c,71.5,72,71.25,,,,
333,Stravinsky,7,2.5,3,0.5,contrabass,bass,c,72.5,73,73.75,,,,
334,Stravinsky,7,3,3.5,0.5,contrabass,bass,f,73,73.5,75,,,,
335,Stravinsky,7,3.5,4,0.5,contrabass,bass,e,73.5,74,76.25,,,,
336,Stravinsky,7,4,4.5,0.5,contrabass,bass,d,74,74.5,77.5,,,,
337,Stravinsky,7,4.5,5,0.5,contrabass,bass,c,74.5,75,78.75,,,,
338,Stravinsky,8,1,1.5,0.5,contrabass,bass,b,81,81.5,80,,,,
339,Stravinsky,8,1.5,2,0.5,contrabass,bass,e,81.5,82,81.25,,,,
340,Stravinsky,8,2,3.5,1.5,viole,bass,e,82,83.5,82.5,,,,
341,Stravinsky,8,3.5,4,0.5,viole,bass,f,83.5,84,86.25,,,,
342,Stravinsky,8,4,4.5,0.5,viole,bass,e,84,84.5,87.5,,,,
343,Stravinsky,8,4.5,5,0.5,viole,bass,d,84.5,85,88.75,,,,
344,Stravinsky,9,1,1.5,0.5,viole,bass,c,91,91.5,90,,,,
345,Stravinsky,9,1.5,2,0.5,contrabass,bass,a,91.5,92,91.25,,,,
346,Stravinsky,9,2,2.5,0.5,contrabass,bass,b,92,92.5,92.5,,,,
347,Stravinsky,9,2.5,3,0.5,contrabass,bass,c,92.5,93,93.75,,,,
348,Stravinsky,9,3,3.5,0.5,contrabass,bass,d,93,93.5,95,,,,
349,Stravinsky,9,3.5,4,0.5,contrabass,bass,a,93.5,94,96.25,,,,
350,Stravinsky,9,4,4.5,0.5,contrabass,bass,d,94,94.5,97.5,,,,
351,Stravinsky,9,4.5,5.5,1,contrabass,bass,d,94.5,95.5,98.75,,,,
352,Bach,10,1,3,2,organ,soprano,g,101,103,100,,,,
353,Bach,11,2,3,1,organ,soprano,c,112,113,112.5,,,,
354,Bach,11,3,4,1,organ,soprano,b,113,114,115,,,,
355,Bach,11,4,5,1,organ,soprano,a,114,115,117.5,,,,
356,Bach,12,1,2,1,organ,soprano,g,121,122,120,,,,
357,Bach,12,2,2.5,0.5,organ,soprano,a,122,122.5,122.5,,,,
358,Bach,12,2.5,3,0.5,organ,soprano,g,122.5,123,123.75,,,,
359,Bach,12,3,3.5,0.5,organ,soprano,f,123,123.5,125,,,,
360,Bach,12,3.5,4,0.5,organ,soprano,e,123.5,124,126.25,,,,
361,Bach,12,4,5,1,organ,soprano,d,124,125,127.5,,,,
362,Bach,13,1,3,2,organ,soprano,c,131,133,130,,,,
363,Bach,10,1,2.5,1.5,organ,middle,e,101,102.5,100,,,,
364,Bach,10,2.5,3,0.5,organ,middle,f,102.5,103,103.75,,,,
365,Bach,10,3,5,2,organ,middle,g,103,105,105,,,,
366,Bach,11,1,3,2,organ,middle,a,111,113,110,,,,
367,Bach,12,2,3,1,organ,middle,e,122,123,122.5,,,,
368,Bach,12,3,4,1,organ,middle,f,123,124,125,,,,
369,Bach,12,4,5,1,organ,middle,g,124,125,127.5,,,,
370,Bach,13,1,2,1,organ,middle,a,131,132,130,,,,
371,Bach,13,2,2.5,0.5,organ,middle,g,132,132.5,132.5,,,,
372,Bach,13,2.5,3,0.5,organ,middle,a,132.5,133,133.75,,,,
373,Bach,13,3,3.5,0.5,organ,middle,b,133,133.5,135,,,,
374,Bach,13,3.5,4,0.5,organ,middle,c,133.5,134,136.25,,,,
375,Bach,13,4,5,1,organ,middle,d,134,135,137.5,,,,
376,Bach,10,1.5,2,0.5,organ,bass,g,101.5,102,101.25,,,,
377,Bach,10,2,2.5,0.5,organ,bass,c,102,102.5,102.5,,,,
378,Bach,10,2.5,3,0.5,organ,bass,d,102.5,103,103.75,,,,
379,Bach,10,3,3.5,0.5,organ,bass,e,103,103.5,105,,,,
380,Bach,10,3.5,4,0.5,organ,bass,c,103.5,104,106.25,,,,
381,Bach,10,4,4.5,0.5,organ,bass,c,104,104.5,107.5,,,,
382,Bach,10,4.5,5,0.5,organ,bass,b_flat,104.5,105,108.75,,,,
383,Bach,11,1,1.5,0.5,organ,bass,f,111,111.5,110,,,,
384,Bach,11,1.5,2,0.5,organ,bass,g,111.5,112,111.25,,,,
385,Bach,11,2,2.5,0.5,organ,bass,a,112,112.5,112.5,,,,
386,Bach,11,2.5,3,0.5,organ,bass,f,112.5,113,113.75,,,,
387,Bach,11,3,3.5,0.5,organ,bass,d,113,113.5,115,,,,
388,Bach,11,3.5,4,0.5,organ,bass,e,113.5,114,116.25,,,,
389,Bach,11,4,4.5,0.5,organ,bass,f,114,114.5,117.5,,,,
390,Bach,11,4.5,5,0.5,organ,bass,d,114.5,115,118.75,,,,
391,Bach,12,1,1.5,0.5,organ,bass,b,121,121.5,120,,,,
392,Bach,12,1.5,2,0.5,organ,bass,g,121.5,122,121.25,,,,
393,Bach,12,2,2.5,0.5,organ,bass,c,122,122.5,122.5,,,,
394,Bach,12,2.5,3,0.5,organ,bass,b_flat,122.5,123,123.75,,,,
395,Bach,12,3,3.5,0.5,organ,bass,a,123,123.5,125,,,,
396,Bach,12,3.5,4.5,1,organ,bass,f,123.5,124.5,126.25,,,,
397,Bach,12,4.5,5,0.5,organ,bass,e,124.5,125,128.75,,,,
398,Bach,13,1,1.5,0.5,organ,bass,f,131,131.5,130,,,,
399,Bach,13,1.5,2,0.5,organ,bass,d,131.5,132,131.25,,,,
400,Bach,13,2,2.5,0.5,organ,bass,e,132,132.5,132.5,,,,
401,Bach,13,2.5,3,0.5,organ,bass,f,132.5,133,133.75,,,,
402,Bach,13,3,3.5,0.5,organ,bass,g,133,133.5,135,,,,
403,Bach,13,3.5,4,0.5,organ,bass,e,133.5,134,136.25,,,,
404,Bach,13,4,4.5,0.5,organ,bass,f,134,134.5,137.5,,,,
405,Bach,13,4.5,5,0.5,organ,bass,g,134.5,135,138.75,,,,
406,Stravinsky,10,1,3,2,oboe,soprano,g,101,103,100,,,,
407,Stravinsky,11,2,3,1,oboe,soprano,c,112,113,112.5,,,,
408,Stravinsky,11,3,4,1,oboe,soprano,b,113,114,115,,,,
409,Stravinsky,11,4,5,1,oboe,soprano,a,114,115,117.5,,,,
410,Stravinsky,12,1,2,1,oboe,soprano,g,121,122,120,,,,
411,Stravinsky,12,2,2.5,0.5,oboe,soprano,a,122,122.5,122.5,,,,
412,Stravinsky,12,2.5,3,0.5,oboe,soprano,g,122.5,123,123.75,,,,
413,Stravinsky,12,3,3.5,0.5,oboe,soprano,f,123,123.5,125,,,,
414,Stravinsky,12,3.5,4,0.5,oboe,soprano,e,123.5,124,126.25,,,,
415,Stravinsky,12,4,4.142857,0.142857,oboe,soprano,d,124,124.142857,127.5,,,,
416,Stravinsky,12,4.1428,4.285657,0.142857,oboe,soprano,e,124.1428,124.285657,127.857,,,,
417,Stravinsky,12,4.2856,4.428457,0.142857,oboe,soprano,d,124.2856,124.428457,128.214,,,,
418,Stravinsky,12,4.4284,4.571257,0.142857,oboe,soprano,e,124.4284,124.571257,128.571,,,,
419,Stravinsky,12,4.5712,4.714057,0.142857,oboe,soprano,d,124.5712,124.714057,128.928,,,,
420,Stravinsky,12,4.714,4.856857,0.142857,oboe,soprano,c,124.714,124.856857,129.285,,,,
421,Stravinsky,12,4.8568,4.999657,0.142857,oboe,soprano,d,124.8568,124.999657,129.642,,,,
422,Stravinsky,13,1,3,2,oboe,soprano,c,131,133,130,,,,
423,Stravinsky,10,1,1.5,0.5,oboe_b,soprano,g,101,101.5,100,,,,
424,Stravinsky,11,2,2.5,0.5,oboe_b,soprano,c,112,112.5,112.5,,,,
425,Stravinsky,11,3,3.5,0.5,oboe_b,soprano,b,113,113.5,115,,,,
426,Stravinsky,11,4,4.5,0.5,oboe_b,soprano,a,114,114.5,117.5,,,,
427,Stravinsky,12,1,1.5,0.5,oboe_b,soprano,g,121,121.5,120,,,,
428,Stravinsky,12,2,2.5,0.5,oboe_b,soprano,a,122,122.5,122.5,,,,
429,Stravinsky,12,3,3.5,0.5,oboe_b,soprano,f,123,123.5,125,,,,
430,Stravinsky,12,4,4.5,0.5,oboe_b,soprano,d,124,124.5,127.5,,,,
431,Stravinsky,13,1,1.5,0.5,oboe_b,soprano,c,131,131.5,130,,,,
432,Stravinsky,10,1,2.5,1.5,flute,middle,e,101,102.5,100,,,,
433,Stravinsky,10,2.5,3,0.5,flute,middle,f,102.5,103,103.75,,,,
434,Stravinsky,10,3,3.142857,0.142857,flute,middle,f,103,103.142857,105,,,,
435,Stravinsky,10,3.1428,3.285657,0.142857,flute,middle,g,103.1428,103.285657,105.357,,,,
436,Stravinsky,10,3.2856,3.428457,0.142857,flute,middle,a,103.2856,103.428457,105.714,,,,
437,Stravinsky,10,3.4284,3.571257,0.142857,flute,middle,g,103.4284,103.571257,106.071,,,,
438,Stravinsky,10,3.5712,3.714057,0.142857,flute,middle,a,103.5712,103.714057,106.428,,,,
439,Stravinsky,10,3.714,3.856857,0.142857,flute,middle,g,103.714,103.856857,106.785,,,,
440,Stravinsky,10,3.8568,3.999657,0.142857,flute,middle,a,103.8568,103.999657,107.142,,,,
441,Stravinsky,10,4,4.142857,0.142857,flute,middle,g,104,104.142857,107.5,,,,
442,Stravinsky,10,4.1428,4.285657,0.142857,flute,middle,a,104.1428,104.285657,107.857,,,,
443,Stravinsky,10,4.2856,4.428457,0.142857,flute,middle,g,104.2856,104.428457,108.214,,,,
444,Stravinsky,10,4.4284,4.571257,0.142857,flute,middle,a,104.4284,104.571257,108.571,,,,
445,Stravinsky,10,4.5712,4.714057,0.142857,flute,middle,g,104.5712,104.714057,108.928,,,,
446,Stravinsky,10,4.714,4.856857,0.142857,flute,middle,f,104.714,104.856857,109.285,,,,
447,Stravinsky,10,4.8568,4.999657,0.142857,flute,middle,g,104.8568,104.999657,109.642,,,,
448,Stravinsky,11,1,3,2,flute,middle,a,111,113,110,,,,
449,Stravinsky,12,2,3,1,flute,middle,e,122,123,122.5,,,,
450,Stravinsky,12,3,4,1,flute,middle,f,123,124,125,,,,
451,Stravinsky,12,4,5,1,flute,middle,g,124,125,127.5,,,,
452,Stravinsky,13,1,2,1,flute,middle,a,131,132,130,,,,
453,Stravinsky,13,2,2.5,0.5,flute,middle,g,132,132.5,132.5,,,,
454,Stravinsky,13,2.5,3,0.5,flute,middle,a,132.5,133,133.75,,,,
455,Stravinsky,13,3,3.5,0.5,flute,middle,b,133,133.5,135,,,,
456,Stravinsky,13,3.5,4,0.5,flute,middle,c,133.5,134,136.25,,,,
457,Stravinsky,13,4,5,1,flute,middle,d,134,135,137.5,,,,
458,Stravinsky,13,4.1428,4.285657,0.142857,flute,middle,e,134.1428,134.285657,137.857,,,,
459,Stravinsky,13,4.2856,4.428457,0.142857,flute,middle,d,134.2856,134.428457,138.214,,,,
460,Stravinsky,13,4.4284,4.571257,0.142857,flute,middle,e,134.4284,134.571257,138.571,,,,
461,Stravinsky,13,4.5712,4.714057,0.142857,flute,middle,d,134.5712,134.714057,138.928,,,,
462,Stravinsky,13,4.714,4.856857,0.142857,flute,middle,e,134.714,134.856857,139.285,,,,
463,Stravinsky,13,4.8568,4.999657,0.142857,flute,middle,f,134.8568,134.999657,139.642,,,,
464,Stravinsky,10,1,1.5,0.5,flute_b,middle,e,101,101.5,100,,,,
465,Stravinsky,10,3,3.5,0.5,flute_b,middle,f,103,103.5,105,,,,
466,Stravinsky,11,1,1.5,0.5,flute_b,middle,a,111,111.5,110,,,,
467,Stravinsky,12,2,2.5,0.5,flute_b,middle,e,122,122.5,122.5,,,,
468,Stravinsky,12,3,3.5,0.5,flute_b,middle,f,123,123.5,125,,,,
469,Stravinsky,12,4,4.5,0.5,flute_b,middle,g,124,124.5,127.5,,,,
470,Stravinsky,13,1,1.5,0.5,flute_b,middle,a,131,131.5,130,,,,
471,Stravinsky,13,2,2.5,0.5,flute_b,middle,g,132,132.5,132.5,,,,
472,Stravinsky,13,3,3.5,0.5,flute_b,middle,b,133,133.5,135,,,,
473,Stravinsky,13,4,4.5,0.5,flute_b,middle,d,134,134.5,137.5,,,,
474,Stravinsky,10,1.5,2,0.5,harp,bass,g,101.5,102,101.25,,,,
475,Stravinsky,10,2,2.5,0.5,harp,bass,c,102,102.5,102.5,,,,
476,Stravinsky,10,2.5,3,0.5,harp,bass,d,102.5,103,103.75,,,,
477,Stravinsky,10,3,3.5,0.5,harp,bass,e,103,103.5,105,,,,
478,Stravinsky,10,3.5,4,0.5,harp,bass,c,103.5,104,106.25,,,,
479,Stravinsky,10,4,4.5,0.5,harp,bass,c,104,104.5,107.5,,,,
480,Stravinsky,10,4.5,5,0.5,harp,bass,b_flat,104.5,105,108.75,,,,
481,Stravinsky,11,1,1.5,0.5,harp,bass,f,111,111.5,110,,,,
482,Stravinsky,11,1.5,2,0.5,harp,bass,g,111.5,112,111.25,,,,
483,Stravinsky,11,2,2.5,0.5,harp,bass,a,112,112.5,112.5,,,,
484,Stravinsky,11,2.5,3,0.5,harp,bass,f,112.5,113,113.75,,,,
485,Stravinsky,11,3,3.5,0.5,harp,bass,d,113,113.5,115,,,,
486,Stravinsky,11,3.5,4,0.5,harp,bass,e,113.5,114,116.25,,,,
487,Stravinsky,11,4,4.5,0.5,harp,bass,f,114,114.5,117.5,,,,
488,Stravinsky,11,4.5,5,0.5,harp,bass,d,114.5,115,118.75,,,,
489,Stravinsky,12,1,1.5,0.5,harp,bass,b,121,121.5,120,,,,
490,Stravinsky,12,1.5,2,0.5,harp,bass,g,121.5,122,121.25,,,,
491,Stravinsky,12,2,2.5,0.5,harp,bass,c,122,122.5,122.5,,,,
492,Stravinsky,12,2.5,3,0.5,harp,bass,b_flat,122.5,123,123.75,,,,
493,Stravinsky,12,3,3.5,0.5,harp,bass,a,123,123.5,125,,,,
494,Stravinsky,12,3.5,4,0.5,harp,bass,f,123.5,124,126.25,,,,
495,Stravinsky,12,4.5,5,0.5,harp,bass,e,124.5,125,128.75,,,,
496,Stravinsky,13,1,1.5,0.5,harp,bass,f,131,131.5,130,,,,
497,Stravinsky,13,1.5,2,0.5,harp,bass,d,131.5,132,131.25,,,,
498,Stravinsky,13,2,2.5,0.5,harp,bass,e,132,132.5,132.5,,,,
499,Stravinsky,13,2.5,3,0.5,harp,bass,f,132.5,133,133.75,,,,
500,Stravinsky,13,3,3.5,0.5,harp,bass,g,133,133.5,135,,,,
501,Stravinsky,13,3.5,4,0.5,harp,bass,e,133.5,134,136.25,,,,
502,Stravinsky,13,4,4.5,0.5,harp,bass,f,134,134.5,137.5,,,,
503,Stravinsky,13,4.5,5,0.5,harp,bass,g,134.5,135,138.75,,,,
504,Stravinsky,10,1.5,2,0.5,contrabass,bass,g,101.5,102,101.25,,,,
505,Stravinsky,10,2,2.5,0.5,contrabass,bass,c,102,102.5,102.5,,,,
506,Stravinsky,10,2.5,3,0.5,contrabass,bass,d,102.5,103,103.75,,,,
507,Stravinsky,10,3,3.5,0.5,contrabass,bass,e,103,103.5,105,,,,
508,Stravinsky,10,3.5,4,0.5,viole,bass,c,103.5,104,106.25,,,,
509,Stravinsky,10,4,4.5,0.5,viole,bass,c,104,104.5,107.5,,,,
510,Stravinsky,10,4.5,5,0.5,viole,bass,b_flat,104.5,105,108.75,,,,
511,Stravinsky,11,1,1.5,0.5,viole,bass,f,111,111.5,110,,,,
512,Stravinsky,11,1.5,2,0.5,viole,bass,g,111.5,112,111.25,,,,
513,Stravinsky,11,2,2.5,0.5,viole,bass,a,112,112.5,112.5,,,,
514,Stravinsky,11,2.5,3,0.5,viole,bass,f,112.5,113,113.75,,,,
515,Stravinsky,11,3,3.5,0.5,viole,bass,d,113,113.5,115,,,,
516,Stravinsky,11,3.5,4,0.5,viole,bass,e,113.5,114,116.25,,,,
517,Stravinsky,11,4,4.5,0.5,viole,bass,f,114,114.5,117.5,,,,
518,Stravinsky,11,4.5,5,0.5,contrabass,bass,d,114.5,115,118.75,,,,
519,Stravinsky,12,1,1.5,0.5,contrabass,bass,b,121,121.5,120,,,,
520,Stravinsky,12,1.5,2,0.5,contrabass,bass,g,121.5,122,121.25,,,,
521,Stravinsky,12,2,2.5,0.5,contrabass,bass,c,122,122.5,122.5,,,,
522,Stravinsky,12,2.5,3,0.5,contrabass,bass,b_flat,122.5,123,123.75,,,,
523,Stravinsky,12,3,3.5,0.5,contrabass,bass,a,123,123.5,125,,,,
524,Stravinsky,12,3.5,4.5,1,viole,bass,f,123.5,124.5,126.25,,,,
525,Stravinsky,12,4.5,5,0.5,viole,bass,e,124.5,125,128.75,,,,
526,Stravinsky,13,1,1.5,0.5,viole,bass,f,131,131.5,130,,,,
527,Stravinsky,13,1.5,2,0.5,viole,bass,d,131.5,132,131.25,,,,
528,Stravinsky,13,2,2.5,0.5,viole,bass,e,132,132.5,132.5,,,,
529,Stravinsky,13,2.5,3,0.5,viole,bass,f,132.5,133,133.75,,,,
530,Stravinsky,13,3,3.5,0.5,viole,bass,g,133,133.5,135,,,,
531,Stravinsky,13,3.5,4,0.5,viole,bass,e,133.5,134,136.25,,,,
532,Stravinsky,13,4,4.5,0.5,viole,bass,f,134,134.5,137.5,,,,
533,Stravinsky,13,4.5,5,0.5,viole,bass,g,134.5,135,138.75,,,,
534,Bach,14,2,3,1,organ,soprano,e,142,143,142.5,,,,
535,Bach,14,3,4,1,organ,soprano,f,143,144,145,,,,
536,Bach,14,4,5,1,organ,soprano,g,144,145,147.5,,,,
537,Bach,15,1,1.5,0.5,organ,soprano,f,151,151.5,150,,,,
538,Bach,15,1.5,2,0.5,organ,soprano,g,151.5,152,151.25,,,,
539,Bach,15,2,3,1,organ,soprano,a,152,153,152.5,,,,
540,Bach,15,3,4,1,organ,soprano,g,153,154,155,,,,
541,Bach,15,4,5,1,organ,soprano,f,154,155,157.5,,,,
542,Bach,16,1,3,2,organ,soprano,e,161,163,160,,,,
543,Bach,17,2,3,1,organ,soprano,e,172,173,172.5,,,,
544,Bach,17,3,4,1,organ,soprano,e,173,174,175,,,,
545,Bach,17,4,5,1,organ,soprano,a,174,175,177.5,,,,
546,Bach,18,1,1.5,0.5,organ,soprano,a,181,181.5,180,,,,
547,Bach,18,1.5,2,0.5,organ,soprano,b,181.5,182,181.25,,,,
548,Bach,18,2,2.5,0.5,organ,soprano,c,182,182.5,182.5,,,,
549,Bach,18,2.5,3,0.5,organ,soprano,b,182.5,183,183.75,,,,
550,Bach,18,3,4,1,organ,soprano,a,183,184,185,,,,
551,Bach,18,4,5,1,organ,soprano,b,184,185,187.5,,,,
552,Bach,14,1,3,2,organ,middle,e,141,143,140,,,,
553,Bach,15,2,3,1,organ,middle,c,152,153,152.5,,,,
554,Bach,15,3,4,1,organ,middle,b,153,154,155,,,,
555,Bach,15,4,5,1,organ,middle,a,154,155,157.5,,,,
556,Bach,16,1,1.5,0.5,organ,middle,b,161,161.5,160,,,,
557,Bach,16,1.5,2,0.5,organ,middle,a,161.5,162,161.25,,,,
558,Bach,16,2,3,1,organ,middle,g,162,163,162.5,,,,
559,Bach,16,3,4,1,organ,middle,a,163,164,165,,,,
560,Bach,16,4,5,1,organ,middle,b,164,165,167.5,,,,
561,Bach,17,1,3,2,organ,middle,c,171,173,170,,,,
562,Bach,18,2,3,1,organ,middle,c,182,183,182.5,,,,
563,Bach,18,3,4,1,organ,middle,c,183,184,185,,,,
564,Bach,18,4,5,1,organ,middle,g,184,185,187.5,,,,
565,Bach,14,1,1.5,0.5,organ,bass,c,141,141.5,140,,,,
566,Bach,14,1.5,2.5,1,organ,bass,c,141.5,142.5,141.25,,,,
567,Bach,14,2.5,3,0.5,organ,bass,b_flat,142.5,143,143.75,,,,
568,Bach,14,3,3.5,0.5,organ,bass,a,143,143.5,145,,,,
569,Bach,14,3.5,4,0.5,organ,bass,g,143.5,144,146.25,,,,
570,Bach,14,4,4.5,0.5,organ,bass,f,144,144.5,147.5,,,,
571,Bach,14,4.5,5,0.5,organ,bass,e,144.5,145,148.75,,,,
572,Bach,15,1,1.5,0.5,organ,bass,d,151,151.5,150,,,,
573,Bach,15,1.5,2,0.5,organ,bass,e,151.5,152,151.25,,,,
574,Bach,15,2,2.5,0.5,organ,bass,f,152,152.5,152.5,,,,
575,Bach,15,2.5,3.5,1,organ,bass,f,152.5,153.5,153.75,,,,
576,Bach,15,3.5,4.5,1,organ,bass,e,153.5,154.5,156.25,,,,
577,Bach,15,4.5,5,0.5,organ,bass,d,154.5,155,158.75,,,,
578,Bach,16,1,1.5,0.5,organ,bass,g,161,161.5,160,,,,
579,Bach,16,1.5,2,0.5,organ,bass,f,161.5,162,161.25,,,,
580,Bach,16,2,2.5,0.5,organ,bass,e,162,162.5,162.5,,,,
581,Bach,16,2.5,3,0.5,organ,bass,c,162.5,163,163.75,,,,
582,Bach,16,3,3.5,0.5,organ,bass,f,163,163.5,165,,,,
583,Bach,16,3.5,4,0.5,organ,bass,d,163.5,164,166.25,,,,
584,Bach,16,4,4.5,0.5,organ,bass,g,164,164.5,167.5,,,,
585,Bach,16,4.5,5,0.5,organ,bass,f,164.5,165,168.75,,,,
586,Bach,17,1,1.5,0.5,organ,bass,e,171,171.5,170,,,,
587,Bach,17,1.5,2,0.5,organ,bass,d,171.5,172,171.25,,,,
588,Bach,17,2,2.5,0.5,organ,bass,c,172,172.5,172.5,,,,
589,Bach,17,2.5,3,0.5,organ,bass,b,172.5,173,173.75,,,,
590,Bach,17,3,3.5,0.5,organ,bass,a,173,173.5,175,,,,
591,Bach,17,3.5,4,0.5,organ,bass,g,173.5,174,176.25,,,,
592,Bach,17,4,4.5,0.5,organ,bass,f,174,174.5,177.5,,,,
593,Bach,17,4.5,5,0.5,organ,bass,e,174.5,175,178.75,,,,
594,Bach,18,1,1.5,0.5,organ,bass,d,181,181.5,180,,,,
595,Bach,18,1.5,2,0.5,organ,bass,d,181.5,182,181.25,,,,
596,Bach,18,2,2.5,0.5,organ,bass,a,182,182.5,182.5,,,,
597,Bach,18,2.5,3,0.5,organ,bass,g,182.5,183,183.75,,,,
598,Bach,18,3,3.5,0.5,organ,bass,f,183,183.5,185,,,,
599,Bach,18,3.5,4,0.5,organ,bass,f,183.5,184,186.25,,,,
600,Bach,18,4,4.5,0.5,organ,bass,e,184,184.5,187.5,,,,
601,Bach,18,4.5,5,0.5,organ,bass,d,184.5,185,188.75,,,,
602,Stravinsky,14,2,3,1,flute,soprano,e,142,143,142.5,,,,
603,Stravinsky,14,3,4,1,flute,soprano,f,143,144,145,,,,
604,Stravinsky,14,4,5,1,flute,soprano,g,144,145,147.5,,,,
605,Stravinsky,15,1,1.5,0.5,flute,soprano,f,151,151.5,150,,,,
606,Stravinsky,15,1.5,2,0.5,flute,soprano,g,151.5,152,151.25,,,,
607,Stravinsky,15,2,3,1,flute,soprano,a,152,153,152.5,,,,
608,Stravinsky,15,3,4,1,flute,soprano,g,153,154,155,,,,
609,Stravinsky,15,4,5,1,flute,soprano,f,154,155,157.5,,,,
610,Stravinsky,16,1,3,2,flute,soprano,e,161,163,160,,,,
611,Stravinsky,17,2,3,1,flute,soprano,e,172,173,172.5,,,,
612,Stravinsky,17,3,4,1,flute,soprano,e,173,174,175,,,,
613,Stravinsky,17,4,5,1,flute,soprano,a,174,175,177.5,,,,
614,Stravinsky,18,1,1.5,0.5,flute,soprano,a,181,181.5,180,,,,
615,Stravinsky,18,1.5,2,0.5,flute,soprano,b,181.5,182,181.25,,,,
616,Stravinsky,18,2,2.5,0.5,flute,soprano,c,182,182.5,182.5,,,,
617,Stravinsky,18,2.5,3,0.5,flute,soprano,b,182.5,183,183.75,,,,
618,Stravinsky,18,3,4,1,flute,soprano,a,183,184,185,,,,
619,Stravinsky,18,4,4.2,0.2,flute,soprano,b,184,184.2,187.5,,,,
620,Stravinsky,18,4.2,4.4,0.2,flute,soprano,c,184.2,184.4,188,,,,
621,Stravinsky,18,4.4,4.6,0.2,flute,soprano,b,184.4,184.6,188.5,,,,
622,Stravinsky,18,4.6,4.8,0.2,flute,soprano,a,184.6,184.8,189,,,,
623,Stravinsky,18,4.8,5,0.2,flute,soprano,b,184.8,185,189.5,,,,
624,Stravinsky,14,1,1.5,0.5,flute_b,soprano,e,141,141.5,140,,,,
625,Stravinsky,14,2,2.5,0.5,flute_b,soprano,e,142,142.5,142.5,,,,
626,Stravinsky,14,3,3.5,0.5,flute_b,soprano,f,143,143.5,145,,,,
627,Stravinsky,14,4,4.5,0.5,flute_b,soprano,g,144,144.5,147.5,,,,
628,Stravinsky,15,1,1.5,0.5,flute_b,soprano,f,151,151.5,150,,,,
629,Stravinsky,15,2,2.5,0.5,flute_b,soprano,a,152,152.5,152.5,,,,
630,Stravinsky,15,3,3.5,0.5,flute_b,soprano,g,153,153.5,155,,,,
631,Stravinsky,15,4,4.5,0.5,flute_b,soprano,f,154,154.5,157.5,,,,
632,Stravinsky,16,1,1.5,0.5,flute_b,soprano,e,161,161.5,160,,,,
633,Stravinsky,17,2,2.5,0.5,flute_b,soprano,e,172,172.5,172.5,,,,
634,Stravinsky,17,4,4.5,0.5,flute_b,soprano,a,174,174.5,177.5,,,,
635,Stravinsky,18,2,2.5,0.5,flute_b,soprano,c,182,182.5,182.5,,,,
636,Stravinsky,18,3,3.5,0.5,flute_b,soprano,a,183,183.5,185,,,,
637,Stravinsky,18,4,4.5,0.5,flute_b,soprano,b,184,184.5,187.5,,,,
638,Stravinsky,14,1,1.5,0.5,viole,bass,c,141,141.5,140,,,,
639,Stravinsky,15,2,3,1,corno,middle,c,152,153,152.5,,,,
640,Stravinsky,15,3,4,1,corno,middle,b,153,154,155,,,,
641,Stravinsky,15,4,5,1,corno,middle,a,154,155,157.5,,,,
642,Stravinsky,16,1,1.5,0.5,corno,middle,b,161,161.5,160,,,,
643,Stravinsky,16,1.5,2,0.5,corno,middle,a,161.5,162,161.25,,,,
644,Stravinsky,16,2,3,1,corno,middle,g,162,163,162.5,,,,
645,Stravinsky,16,3,4,1,corno,middle,a,163,164,165,,,,
646,Stravinsky,16,4,5,1,corno,middle,b,164,165,167.5,,,,
647,Stravinsky,17,1,3,2,corno,middle,c,171,173,170,,,,
648,Stravinsky,18,2,3,1,corno,middle,c,182,183,182.5,,,,
649,Stravinsky,18,3,4,1,corno,middle,c,183,184,185,,,,
650,Stravinsky,18,4,5,1,corno,middle,g,184,185,187.5,,,,
651,Stravinsky,14,1.5,2.5,1,fagotti,bass,c,141.5,142.5,141.25,,,,
652,Stravinsky,14,2.5,3,0.5,fagotti,bass,b_flat,142.5,143,143.75,,,,
653,Stravinsky,14,3,3.5,0.5,fagotti,bass,a,143,143.5,145,,,,
654,Stravinsky,14,3.5,4,0.5,fagotti,bass,g,143.5,144,146.25,,,,
655,Stravinsky,14,4,4.5,0.5,fagotti,bass,f,144,144.5,147.5,,,,
656,Stravinsky,14,4.5,5,0.5,fagotti,bass,e,144.5,145,148.75,,,,
657,Stravinsky,15,1,1.5,0.5,fagotti,bass,d,151,151.5,150,,,,
658,Stravinsky,15,1.5,2,0.5,fagotti,bass,e,151.5,152,151.25,,,,
659,Stravinsky,15,2,2.5,0.5,fagotti,bass,f,152,152.5,152.5,,,,
660,Stravinsky,15,2.5,3.5,1,fagotti,bass,f,152.5,153.5,153.75,,,,
661,Stravinsky,15,3.5,4.5,1,fagotti,bass,e,153.5,154.5,156.25,,,,
662,Stravinsky,15,4.5,5,0.5,fagotti,bass,d,154.5,155,158.75,,,,
663,Stravinsky,16,1,1.5,0.5,fagotti,bass,g,161,161.5,160,,,,
664,Stravinsky,16,1.5,2,0.5,fagotti,bass,f,161.5,162,161.25,,,,
665,Stravinsky,16,2,2.5,0.5,fagotti,bass,e,162,162.5,162.5,,,,
666,Stravinsky,16,2.5,3,0.5,fagotti,bass,c,162.5,163,163.75,,,,
667,Stravinsky,16,3,3.5,0.5,fagotti,bass,f,163,163.5,165,,,,
668,Stravinsky,16,3.5,4,0.5,fagotti,bass,d,163.5,164,166.25,,,,
669,Stravinsky,16,4,4.5,0.5,fagotti,bass,g,164,164.5,167.5,,,,
670,Stravinsky,16,4.5,5,0.5,fagotti,bass,f,164.5,165,168.75,,,,
671,Stravinsky,17,1,1.5,0.5,fagotti,bass,e,171,171.5,170,,,,
672,Stravinsky,17,1.5,2,0.5,fagotti,bass,d,171.5,172,171.25,,,,
673,Stravinsky,17,2,2.5,0.5,fagotti,bass,c,172,172.5,172.5,,,,
674,Stravinsky,17,2.5,3,0.5,fagotti,bass,b,172.5,173,173.75,,,,
675,Stravinsky,17,3,3.5,0.5,fagotti,bass,a,173,173.5,175,,,,
676,Stravinsky,17,3.5,4,0.5,fagotti,bass,g,173.5,174,176.25,,,,
677,Stravinsky,17,4,4.5,0.5,fagotti,bass,f,174,174.5,177.5,,,,
678,Stravinsky,17,4.5,5,0.5,fagotti,bass,e,174.5,175,178.75,,,,
679,Stravinsky,18,1,1.5,0.5,fagotti,bass,d,181,181.5,180,,,,
680,Stravinsky,18,1.5,2,0.5,fagotti,bass,d,181.5,182,181.25,,,,
681,Stravinsky,18,2,2.5,0.5,fagotti,bass,a,182,182.5,182.5,,,,
682,Stravinsky,18,2.5,3,0.5,fagotti,bass,g,182.5,183,183.75,,,,
683,Stravinsky,18,3,3.5,0.5,fagotti,bass,f,183,183.5,185,,,,
684,Stravinsky,18,3.5,4,0.5,fagotti,bass,f,183.5,184,186.25,,,,
685,Stravinsky,18,4,4.5,0.5,fagotti,bass,e,184,184.5,187.5,,,,
686,Stravinsky,18,4.5,5,0.5,fagotti,bass,d,184.5,185,188.75,,,,
687,Stravinsky,14,1,1.5,0.5,harp,bass,c,141,141.5,140,,,,
688,Stravinsky,14,1.5,2,0.5,harp,bass,c,141.5,142,141.25,,,,
689,Stravinsky,14,2.5,3,0.5,harp,bass,b_flat,142.5,143,143.75,,,,
690,Stravinsky,14,3,3.5,0.5,harp,bass,a,143,143.5,145,,,,
691,Stravinsky,14,3.5,4,0.5,harp,bass,g,143.5,144,146.25,,,,
692,Stravinsky,14,4,4.5,0.5,harp,bass,f,144,144.5,147.5,,,,
693,Stravinsky,14,4.5,5,0.5,harp,bass,e,144.5,145,148.75,,,,
694,Stravinsky,15,1,1.5,0.5,harp,bass,d,151,151.5,150,,,,
695,Stravinsky,15,1.5,2,0.5,harp,bass,e,151.5,152,151.25,,,,
696,Stravinsky,15,2,2.5,0.5,harp,bass,f,152,152.5,152.5,,,,
697,Stravinsky,15,2.5,3,0.5,harp,bass,f,152.5,153,153.75,,,,
698,Stravinsky,15,3.5,4,0.5,harp,bass,e,153.5,154,156.25,,,,
699,Stravinsky,15,4.5,5,0.5,harp,bass,d,154.5,155,158.75,,,,
700,Stravinsky,16,1,1.5,0.5,harp,bass,g,161,161.5,160,,,,
701,Stravinsky,16,1.5,2,0.5,harp,bass,f,161.5,162,161.25,,,,
702,Stravinsky,16,2,2.5,0.5,harp,bass,e,162,162.5,162.5,,,,
703,Stravinsky,16,2.5,3,0.5,harp,bass,c,162.5,163,163.75,,,,
704,Stravinsky,16,3,3.5,0.5,harp,bass,f,163,163.5,165,,,,
705,Stravinsky,16,3.5,4,0.5,harp,bass,d,163.5,164,166.25,,,,
706,Stravinsky,16,4,4.5,0.5,harp,bass,g,164,164.5,167.5,,,,
707,Stravinsky,16,4.5,5,0.5,harp,bass,f,164.5,165,168.75,,,,
708,Stravinsky,17,1,1.5,0.5,harp,bass,e,171,171.5,170,,,,
709,Stravinsky,17,1.5,2,0.5,harp,bass,d,171.5,172,171.25,,,,
710,Stravinsky,17,2,2.5,0.5,harp,bass,c,172,172.5,172.5,,,,
711,Stravinsky,17,2.5,3,0.5,harp,bass,b,172.5,173,173.75,,,,
712,Stravinsky,17,3,3.5,0.5,harp,bass,a,173,173.5,175,,,,
713,Stravinsky,17,3.5,4,0.5,harp,bass,g,173.5,174,176.25,,,,
714,Stravinsky,17,4,4.5,0.5,harp,bass,f,174,174.5,177.5,,,,
715,Stravinsky,17,4.5,5,0.5,harp,bass,e,174.5,175,178.75,,,,
716,Stravinsky,18,1,1.5,0.5,harp,bass,d,181,181.5,180,,,,
717,Stravinsky,18,1.5,2,0.5,harp,bass,d,181.5,182,181.25,,,,
718,Stravinsky,18,2,2.5,0.5,harp,bass,a,182,182.5,182.5,,,,
719,Stravinsky,18,2.5,3,0.5,harp,bass,g,182.5,183,183.75,,,,
720,Stravinsky,18,3,3.5,0.5,harp,bass,f,183,183.5,185,,,,
721,Stravinsky,18,3.5,4,0.5,harp,bass,f,183.5,184,186.25,,,,
722,Stravinsky,18,4,4.5,0.5,harp,bass,e,184,184.5,187.5,,,,
723,Stravinsky,18,4.5,5,0.5,harp,bass,d,184.5,185,188.75,,,,
724,Bach,19,1,3,2,organ,soprano,c,191,193,190,,,,
725,Bach,20,2,3,1,organ,soprano,c,202,203,202.5,,,,
726,Bach,20,3,4,1,organ,soprano,g,203,204,205,,,,
727,Bach,20,4,5,1,organ,soprano,g,204,205,207.5,,,,
728,Bach,21,1,2.5,1.5,organ,soprano,a,211,212.5,210,,,,
729,Bach,21,2.5,3,0.5,organ,soprano,g,212.5,213,213.75,,,,
730,Bach,21,3,5,2,organ,soprano,f,213,215,215,,,,
731,Bach,19,1,1.5,0.5,organ,middle,g,191,191.5,190,,,,
732,Bach,19,1.5,2,0.5,organ,middle,f,191.5,192,191.25,,,,
733,Bach,19,2,2.5,0.5,organ,middle,e,192,192.5,192.5,,,,
734,Bach,19,2.5,3,0.5,organ,middle,f,192.5,193,193.75,,,,
735,Bach,19,3,4,1,organ,middle,g,193,194,195,,,,
736,Bach,19,4,5,1,organ,middle,f,194,195,197.5,,,,
737,Bach,20,1,3,2,organ,middle,e,201,203,200,,,,
738,Bach,21,2,3,1,organ,middle,e,212,213,212.5,,,,
739,Bach,21,3,4,1,organ,middle,a,213,214,215,,,,
740,Bach,21,4,5,1,organ,middle,a,214,215,217.5,,,,
741,Bach,19,1,1.5,0.5,organ,bass,e,191,191.5,190,,,,
742,Bach,19,1.5,2,0.5,organ,bass,d,191.5,192,191.25,,,,
743,Bach,19,2,2.5,0.5,organ,bass,c,192,192.5,192.5,,,,
744,Bach,19,2.5,3,0.5,organ,bass,d,192.5,193,193.75,,,,
745,Bach,19,3,3.5,0.5,organ,bass,e,193,193.5,195,,,,
746,Bach,19,3.5,4,0.5,organ,bass,c,193.5,194,196.25,,,,
747,Bach,19,4,4.5,0.5,organ,bass,d,194,194.5,197.5,,,,
748,Bach,19,4.5,5,0.5,organ,bass,b,194.5,195,198.75,,,,
749,Bach,20,1,1.5,0.5,organ,bass,c,201,201.5,200,,,,
750,Bach,20,1.5,2,0.5,organ,bass,b,201.5,202,201.25,,,,
751,Bach,20,2,2.5,0.5,organ,bass,a,202,202.5,202.5,,,,
752,Bach,20,2.5,3,0.5,organ,bass,b,202.5,203,203.75,,,,
753,Bach,20,3,3.5,0.5,organ,bass,c,203,203.5,205,,,,
754,Bach,20,3.5,4,0.5,organ,bass,d,203.5,204,206.25,,,,
755,Bach,20,4,4.5,0.5,organ,bass,e,204,204.5,207.5,,,,
756,Bach,20,4.5,5,0.5,organ,bass,c,204.5,205,208.75,,,,
757,Bach,21,1,1.5,0.5,organ,bass,f,211,211.5,210,,,,
758,Bach,21,1.5,2,0.5,organ,bass,f,211.5,212,211.25,,,,
759,Bach,21,2,3.5,1.5,organ,bass,c,212,213.5,212.5,,,,
760,Bach,21,3.5,4,0.5,organ,bass,e,213.5,214,216.25,,,,
761,Bach,21,4,4.5,0.5,organ,bass,d,214,214.5,217.5,,,,
762,Bach,21,4.5,5.5,1,organ,bass,b,214.5,215.5,218.75,,,,
763,Stravinsky,19,1,3,2,flute,soprano,c,191,193,190,,,,
764,Stravinsky,20,2,3,1,flute,soprano,c,202,203,202.5,,,,
765,Stravinsky,20,3,4,1,flute,soprano,g,203,204,205,,,,
766,Stravinsky,20,4,5,1,flute,soprano,g,204,205,207.5,,,,
767,Stravinsky,21,1,2.5,1.5,flute,soprano,a,211,212.5,210,,,,
768,Stravinsky,21,2.5,3,0.5,flute,soprano,g,212.5,213,213.75,,,,
769,Stravinsky,21,3,3.125,0.125,flute,soprano,g,213,213.125,215,,,,
770,Stravinsky,21,3.125,3.25,0.125,flute,soprano,f,213.125,213.25,215.3125,,,,
771,Stravinsky,21,3.25,3.375,0.125,flute,soprano,g,213.25,213.375,215.625,,,,
772,Stravinsky,21,3.375,3.5,0.125,flute,soprano,f,213.375,213.5,215.9375,,,,
773,Stravinsky,21,3.5,3.625,0.125,flute,soprano,g,213.5,213.625,216.25,,,,
774,Stravinsky,21,3.625,3.75,0.125,flute,soprano,f,213.625,213.75,216.5625,,,,
775,Stravinsky,21,3.75,3.875,0.125,flute,soprano,g,213.75,213.875,216.875,,,,
776,Stravinsky,21,3.875,4,0.125,flute,soprano,f,213.875,214,217.1875,,,,
777,Stravinsky,21,4,4.125,0.125,flute,soprano,g,214,214.125,217.5,,,,
778,Stravinsky,21,4.125,4.25,0.125,flute,soprano,f,214.125,214.25,217.8125,,,,
779,Stravinsky,21,4.25,4.375,0.125,flute,soprano,g,214.25,214.375,218.125,,,,
780,Stravinsky,21,4.375,4.5,0.125,flute,soprano,f,214.375,214.5,218.4375,,,,
781,Stravinsky,21,4.5,4.625,0.125,flute,soprano,g,214.5,214.625,218.75,,,,
782,Stravinsky,21,4.625,4.75,0.125,flute,soprano,f,214.625,214.75,219.0625,,,,
783,Stravinsky,21,4.75,4.875,0.125,flute,soprano,e,214.75,214.875,219.375,,,,
784,Stravinsky,21,4.875,5,0.125,flute,soprano,f,214.875,215,219.6875,,,,
785,Stravinsky,19,1,1.5,0.5,flute_b,soprano,c,191,191.5,190,,,,
786,Stravinsky,20,2,2.5,0.5,flute_b,soprano,c,202,202.5,202.5,,,,
787,Stravinsky,20,4,4.5,0.5,flute_b,soprano,g,204,204.5,207.5,,,,
788,Stravinsky,19,1,1.5,0.5,corno,middle,g,191,191.5,190,,,,
789,Stravinsky,19,1.5,2,0.5,corno,middle,f,191.5,192,191.25,,,,
790,Stravinsky,19,2,2.5,0.5,corno,middle,e,192,192.5,192.5,,,,
791,Stravinsky,19,2.5,3,0.5,corno,middle,f,192.5,193,193.75,,,,
792,Stravinsky,19,3,4,1,corno,middle,g,193,194,195,,,,
793,Stravinsky,19,4,4.2,0.2,corno,middle,f,194,194.2,197.5,,,,
794,Stravinsky,19,4.2,4.4,0.2,corno,middle,g,194.2,194.4,198,,,,
795,Stravinsky,19,4.4,4.6,0.2,corno,middle,f,194.4,194.6,198.5,,,,
796,Stravinsky,19,4.6,4.8,0.2,corno,middle,e,194.6,194.8,199,,,,
797,Stravinsky,19,4.8,5,0.2,corno,middle,f,194.8,195,199.5,,,,
798,Stravinsky,20,1,3,2,corno,middle,e,201,203,200,,,,
799,Stravinsky,21,2,3,1,corno,middle,e,212,213,212.5,,,,
800,Stravinsky,21,3,4,1,corno,middle,a,213,214,215,,,,
801,Stravinsky,21,4,5,1,corno,middle,a,214,215,217.5,,,,
802,Stravinsky,19,1,1.5,0.5,fagotti,bass,e,191,191.5,190,,,,
803,Stravinsky,19,1.5,2,0.5,fagotti,bass,d,191.5,192,191.25,,,,
804,Stravinsky,19,2,2.5,0.5,fagotti,bass,c,192,192.5,192.5,,,,
805,Stravinsky,19,2.5,3,0.5,fagotti,bass,d,192.5,193,193.75,,,,
806,Stravinsky,19,3,3.5,0.5,fagotti,bass,e,193,193.5,195,,,,
807,Stravinsky,19,3.5,4,0.5,fagotti,bass,c,193.5,194,196.25,,,,
808,Stravinsky,19,4,4.5,0.5,fagotti,bass,d,194,194.5,197.5,,,,
809,Stravinsky,19,4.5,5,0.5,fagotti,bass,b,194.5,195,198.75,,,,
810,Stravinsky,20,1,1.5,0.5,fagotti,bass,c,201,201.5,200,,,,
811,Stravinsky,20,1.5,2,0.5,fagotti,bass,b,201.5,202,201.25,,,,
812,Stravinsky,20,2,2.5,0.5,fagotti,bass,a,202,202.5,202.5,,,,
813,Stravinsky,20,2.5,3,0.5,fagotti,bass,b,202.5,203,203.75,,,,
814,Stravinsky,20,3,3.5,0.5,fagotti,bass,c,203,203.5,205,,,,
815,Stravinsky,20,3.5,4,0.5,fagotti,bass,d,203.5,204,206.25,,,,
816,Stravinsky,20,4,4.5,0.5,fagotti,bass,e,204,204.5,207.5,,,,
817,Stravinsky,20,4.5,5,0.5,fagotti,bass,c,204.5,205,208.75,,,,
818,Stravinsky,21,1,1.5,0.5,fagotti,bass,f,211,211.5,210,,,,
819,Stravinsky,21,1.5,2,0.5,fagotti,bass,f,211.5,212,211.25,,,,
820,Stravinsky,21,2,3.5,1.5,fagotti,bass,c,212,213.5,212.5,,,,
821,Stravinsky,21,3.5,4,0.5,fagotti,bass,e,213.5,214,216.25,,,,
822,Stravinsky,21,4,4.5,0.5,fagotti,bass,d,214,214.5,217.5,,,,
823,Stravinsky,21,4.5,5.5,1,fagotti,bass,b,214.5,215.5,218.75,,,,
824,Stravinsky,19,1,1.5,0.5,arpa,bass,e,191,191.5,190,,,,
825,Stravinsky,19,1.5,2,0.5,arpa,bass,d,191.5,192,191.25,,,,
826,Stravinsky,19,2,2.5,0.5,arpa,bass,c,192,192.5,192.5,,,,
827,Stravinsky,19,2.5,3,0.5,arpa,bass,d,192.5,193,193.75,,,,
828,Stravinsky,19,3,3.5,0.5,arpa,bass,e,193,193.5,195,,,,
829,Stravinsky,19,3.5,4,0.5,arpa,bass,c,193.5,194,196.25,,,,
830,Stravinsky,19,4,4.5,0.5,arpa,bass,d,194,194.5,197.5,,,,
831,Stravinsky,19,4.5,5,0.5,arpa,bass,b,194.5,195,198.75,,,,
832,Stravinsky,20,1,1.5,0.5,arpa,bass,c,201,201.5,200,,,,
833,Stravinsky,20,1.5,2,0.5,arpa,bass,b,201.5,202,201.25,,,,
834,Stravinsky,20,2,2.5,0.5,arpa,bass,a,202,202.5,202.5,,,,
835,Stravinsky,20,2.5,3,0.5,arpa,bass,b,202.5,203,203.75,,,,
836,Stravinsky,20,3,3.5,0.5,arpa,bass,c,203,203.5,205,,,,
837,Stravinsky,20,3.5,4,0.5,arpa,bass,d,203.5,204,206.25,,,,
838,Stravinsky,20,4,4.5,0.5,arpa,bass,e,204,204.5,207.5,,,,
839,Stravinsky,20,4.5,5,0.5,arpa,bass,c,204.5,205,208.75,,,,
840,Stravinsky,21,1,1.5,0.5,arpa,bass,f,211,211.5,210,,,,
841,Stravinsky,21,1.5,2,0.5,arpa,bass,f,211.5,212,211.25,,,,
842,Stravinsky,21,2,2.5,0.5,arpa,bass,c,212,212.5,212.5,,,,
843,Stravinsky,21,3.5,4,0.5,arpa,bass,e,213.5,214,216.25,,,,
844,Stravinsky,21,4,4.5,0.5,arpa,bass,d,214,214.5,217.5,,,,
845,Stravinsky,21,4.5,5,0.5,arpa,bass,b,214.5,215,218.75,,,,
846,Bach,22,1,2.5,1.5,organ,soprano,e,221,222.5,220,,,,
847,Bach,22,2.5,3,0.5,organ,soprano,f_sharp,222.5,223,223.75,,,,
848,Bach,22,3,5,2,organ,soprano,g,223,225,225,,,,
849,Bach,23,1,3,2,organ,soprano,a,231,233,230,,,,
850,Bach,24,2,3,1,organ,soprano,e,242,243,242.5,,,,
851,Bach,24,3,4,1,organ,soprano,f,243,244,245,,,,
852,Bach,24,4,5,1,organ,soprano,g,244,245,247.5,,,,
853,Bach,22,1,2.5,1.5,organ,middle,g,221,222.5,220,,,,
854,Bach,22,2.5,3,0.5,organ,middle,a,222.5,223,223.75,,,,
855,Bach,22,3,5,2,organ,middle,b,223,225,225,,,,
856,Bach,23,1,2.5,1.5,organ,middle,c,231,232.5,230,,,,
857,Bach,23,2.5,3,0.5,organ,middle,b_flat,232.5,233,233.75,,,,
858,Bach,23,3,5,2,organ,middle,a,233,235,235,,,,
859,Bach,24,1,3,2,organ,middle,g,241,243,240,,,,
860,Bach,22,1.5,2,0.5,organ,bass,d,221.5,222,221.25,,,,
861,Bach,22,2,2.5,0.5,organ,bass,c,222,222.5,222.5,,,,
862,Bach,22,2.5,3,0.5,organ,bass,c,222.5,223,223.75,,,,
863,Bach,22,3,3.5,0.5,organ,bass,b,223,223.5,225,,,,
864,Bach,22,3.5,4,0.5,organ,bass,e,223.5,224,226.25,,,,
865,Bach,22,4,4.5,0.5,organ,bass,e,224,224.5,227.5,,,,
866,Bach,22,4.5,5.5,1,organ,bass,g,224.5,225.5,228.75,,,,
867,Bach,23,1.5,2,0.5,organ,bass,f_sharp,231.5,232,231.25,,,,
868,Bach,23,2,3.5,1.5,organ,bass,g,232,233.5,232.5,,,,
869,Bach,23,3.5,4,0.5,organ,bass,c_sharp,233.5,234,236.25,,,,
870,Bach,23,4,4.5,0.5,organ,bass,d,234,234.5,237.5,,,,
871,Bach,23,4.5,5,0.5,organ,bass,f,234.5,235,238.75,,,,
872,Bach,24,1,1.5,0.5,organ,bass,e,241,241.5,240,,,,
873,Bach,24,1.5,2,0.5,organ,bass,d,241.5,242,241.25,,,,
874,Bach,24,2,2.5,0.5,organ,bass,c,242,242.5,242.5,,,,
875,Bach,24,2.5,3,0.5,organ,bass,c,242.5,243,243.75,,,,
876,Bach,24,3,3.5,0.5,organ,bass,d,243,243.5,245,,,,
877,Bach,24,3.5,4,0.5,organ,bass,c,243.5,244,246.25,,,,
878,Bach,24,4,4.5,0.5,organ,bass,b_flat,244,244.5,247.5,,,,
879,Bach,24,4.5,5,0.5,organ,bass,e,244.5,245,248.75,,,,
880,Stravinsky,22,1,2.5,1.5,flute,soprano,e,221,222.5,220,,,,
881,Stravinsky,22,2.5,3,0.5,flute,soprano,f_sharp,222.5,223,223.75,,,,
882,Stravinsky,22,3,3.125,0.125,flute,soprano,a,223,223.125,225,,,,
883,Stravinsky,22,3.125,3.25,0.125,flute,soprano,g,223.125,223.25,225.3125,,,,
884,Stravinsky,22,3.25,3.375,0.125,flute,soprano,a,223.25,223.375,225.625,,,,
885,Stravinsky,22,3.375,3.5,0.125,flute,soprano,g,223.375,223.5,225.9375,,,,
886,Stravinsky,22,3.5,3.625,0.125,flute,soprano,a,223.5,223.625,226.25,,,,
887,Stravinsky,22,3.625,3.75,0.125,flute,soprano,g,223.625,223.75,226.5625,,,,
888,Stravinsky,22,3.75,3.875,0.125,flute,soprano,a,223.75,223.875,226.875,,,,
889,Stravinsky,22,3.875,4,0.125,flute,soprano,g,223.875,224,227.1875,,,,
890,Stravinsky,22,4,4.125,0.125,flute,soprano,a,224,224.125,227.5,,,,
891,Stravinsky,22,4.125,4.25,0.125,flute,soprano,g,224.125,224.25,227.8125,,,,
892,Stravinsky,22,4.25,4.375,0.125,flute,soprano,a,224.25,224.375,228.125,,,,
893,Stravinsky,22,4.375,4.5,0.125,flute,soprano,g,224.375,224.5,228.4375,,,,
894,Stravinsky,22,4.5,4.625,0.125,flute,soprano,a,224.5,224.625,228.75,,,,
895,Stravinsky,22,4.625,4.75,0.125,flute,soprano,g,224.625,224.75,229.0625,,,,
896,Stravinsky,22,4.75,4.875,0.125,flute,soprano,a,224.75,224.875,229.375,,,,
897,Stravinsky,22,4.875,5,0.125,flute,soprano,g,224.875,225,229.6875,,,,
898,Stravinsky,23,1,3,2,flute,soprano,a,231,233,230,,,,
899,Stravinsky,24,2,3,1,flute,soprano,e,242,243,242.5,,,,
900,Stravinsky,24,3,4,1,flute,soprano,f,243,244,245,,,,
901,Stravinsky,24,4,5,1,flute,soprano,g,244,245,247.5,,,,
902,Stravinsky,22,1,1.5,0.5,flute_b,soprano,e,221,221.5,220,,,,
903,Stravinsky,23,1,1.5,0.5,flute_b,soprano,a,231,231.5,230,,,,
904,Stravinsky,24,2,2.5,0.5,flute_b,soprano,e,242,242.5,242.5,,,,
905,Stravinsky,24,3,3.5,0.5,flute_b,soprano,f,243,243.5,245,,,,
906,Stravinsky,24,4,4.5,0.5,flute_b,soprano,g,244,244.5,247.5,,,,
907,Stravinsky,22,1,2.5,1.5,corno,middle,g,221,222.5,220,,,,
908,Stravinsky,22,2.5,3,0.5,corno,middle,a,222.5,223,223.75,,,,
909,Stravinsky,22,3,3.125,0.125,corno,middle,c,223,223.125,225,,,,
910,Stravinsky,22,3.125,3.25,0.125,corno,middle,b,223.125,223.25,225.3125,,,,
911,Stravinsky,22,3.25,3.375,0.125,corno,middle,c,223.25,223.375,225.625,,,,
912,Stravinsky,22,3.375,3.5,0.125,corno,middle,b,223.375,223.5,225.9375,,,,
913,Stravinsky,22,3.5,3.625,0.125,corno,middle,c,223.5,223.625,226.25,,,,
914,Stravinsky,22,3.625,3.75,0.125,corno,middle,b,223.625,223.75,226.5625,,,,
915,Stravinsky,22,3.75,3.875,0.125,corno,middle,c,223.75,223.875,226.875,,,,
916,Stravinsky,22,3.875,4,0.125,corno,middle,b,223.875,224,227.1875,,,,
917,Stravinsky,22,4,4.125,0.125,corno,middle,c,224,224.125,227.5,,,,
918,Stravinsky,22,4.125,4.25,0.125,corno,middle,b,224.125,224.25,227.8125,,,,
919,Stravinsky,22,4.25,4.375,0.125,corno,middle,c,224.25,224.375,228.125,,,,
920,Stravinsky,22,4.375,4.5,0.125,corno,middle,b,224.375,224.5,228.4375,,,,
921,Stravinsky,22,4.5,4.625,0.125,corno,middle,c,224.5,224.625,228.75,,,,
922,Stravinsky,22,4.625,4.75,0.125,corno,middle,b,224.625,224.75,229.0625,,,,
923,Stravinsky,22,4.75,4.875,0.125,corno,middle,a,224.75,224.875,229.375,,,,
924,Stravinsky,22,4.875,5,0.125,corno,middle,b,224.875,225,229.6875,,,,
925,Stravinsky,23,1,2.5,1.5,corno,middle,c,231,232.5,230,,,,
926,Stravinsky,23,2.5,3,0.5,corno,middle,b_flat,232.5,233,233.75,,,,
927,Stravinsky,23,3,3.125,0.125,corno,middle,a,233,233.125,235,,,,
928,Stravinsky,23,3.125,3.25,0.125,corno,middle,,233.125,233.25,235.3125,,,,
929,Stravinsky,23,3.25,3.375,0.125,corno,middle,,233.25,233.375,235.625,,,,
930,Stravinsky,23,3.375,3.5,0.125,corno,middle,,233.375,233.5,235.9375,,,,
931,Stravinsky,23,3.5,3.625,0.125,corno,middle,,233.5,233.625,236.25,,,,
932,Stravinsky,23,3.625,3.75,0.125,corno,middle,,233.625,233.75,236.5625,,,,
933,Stravinsky,23,3.75,3.875,0.125,corno,middle,,233.75,233.875,236.875,,,,
934,Stravinsky,23,3.875,4,0.125,corno,middle,,233.875,234,237.1875,,,,
935,Stravinsky,23,4,4.125,0.125,corno,middle,,234,234.125,237.5,,,,
936,Stravinsky,23,4.125,4.25,0.125,corno,middle,,234.125,234.25,237.8125,,,,
937,Stravinsky,23,4.25,4.375,0.125,corno,middle,,234.25,234.375,238.125,,,,
938,Stravinsky,23,4.375,4.5,0.125,corno,middle,,234.375,234.5,238.4375,,,,
939,Stravinsky,23,4.5,4.625,0.125,corno,middle,,234.5,234.625,238.75,,,,
940,Stravinsky,23,4.625,4.75,0.125,corno,middle,,234.625,234.75,239.0625,,,,
941,Stravinsky,23,4.75,4.875,0.125,corno,middle,,234.75,234.875,239.375,,,,
942,Stravinsky,23,4.875,5,0.125,corno,middle,,234.875,235,239.6875,,,,
943,Stravinsky,24,1,3,2,corno,middle,g,241,243,240,,,,
944,Stravinsky,22,1.5,2,0.5,fagotti,bass,d,221.5,222,221.25,,,,
945,Stravinsky,22,2,2.5,0.5,fagotti,bass,c,222,222.5,222.5,,,,
946,Stravinsky,22,2.5,3,0.5,fagotti,bass,c,222.5,223,223.75,,,,
947,Stravinsky,22,3,3.5,0.5,fagotti,bass,b,223,223.5,225,,,,
948,Stravinsky,22,3.5,4,0.5,fagotti,bass,e,223.5,224,226.25,,,,
949,Stravinsky,22,4,4.5,0.5,fagotti,bass,e,224,224.5,227.5,,,,
950,Stravinsky,22,4.5,5.5,1,fagotti,bass,g,224.5,225.5,228.75,,,,
951,Stravinsky,23,1.5,2,0.5,fagotti,bass,f_sharp,231.5,232,231.25,,,,
952,Stravinsky,23,2,3.5,1.5,fagotti,bass,g,232,233.5,232.5,,,,
953,Stravinsky,23,3.5,4,0.5,fagotti,bass,c_sharp,233.5,234,236.25,,,,
954,Stravinsky,23,4,4.5,0.5,fagotti,bass,d,234,234.5,237.5,,,,
955,Stravinsky,23,4.5,5,0.5,fagotti,bass,f,234.5,235,238.75,,,,
956,Stravinsky,24,1,1.5,0.5,fagotti,bass,e,241,241.5,240,,,,
957,Stravinsky,24,1.5,2,0.5,fagotti,bass,d,241.5,242,241.25,,,,
958,Stravinsky,24,2,2.5,0.5,fagotti,bass,c,242,242.5,242.5,,,,
959,Stravinsky,24,2.5,3,0.5,fagotti,bass,c,242.5,243,243.75,,,,
960,Stravinsky,24,3,3.5,0.5,fagotti,bass,d,243,243.5,245,,,,
961,Stravinsky,24,3.5,4,0.5,fagotti,bass,c,243.5,244,246.25,,,,
962,Stravinsky,24,4,4.5,0.5,fagotti,bass,b_flat,244,244.5,247.5,,,,
963,Stravinsky,24,4.5,5,0.5,fagotti,bass,e,244.5,245,248.75,,,,
964,Stravinsky,22,1.5,2,0.5,harp,bass,d,221.5,222,221.25,,,,
965,Stravinsky,22,2,2.5,0.5,harp,bass,c,222,222.5,222.5,,,,
966,Stravinsky,22,2.5,3,0.5,harp,bass,c,222.5,223,223.75,,,,
967,Stravinsky,22,3,3.5,0.5,harp,bass,b,223,223.5,225,,,,
968,Stravinsky,22,3.5,4,0.5,harp,bass,e,223.5,224,226.25,,,,
969,Stravinsky,22,4,4.5,0.5,harp,bass,e,224,224.5,227.5,,,,
970,Stravinsky,22,4.5,5,0.5,harp,bass,g,224.5,225,228.75,,,,
971,Stravinsky,23,1.5,2,0.5,harp,bass,f_sharp,231.5,232,231.25,,,,
972,Stravinsky,23,2,2.5,0.5,harp,bass,g,232,232.5,232.5,,,,
973,Stravinsky,23,3.5,4,0.5,harp,bass,c_sharp,233.5,234,236.25,,,,
974,Stravinsky,23,4,4.5,0.5,harp,bass,d,234,234.5,237.5,,,,
975,Stravinsky,23,4.5,5,0.5,harp,bass,f,234.5,235,238.75,,,,
976,Stravinsky,24,1,1.5,0.5,harp,bass,e,241,241.5,240,,,,
977,Stravinsky,24,1.5,2,0.5,harp,bass,d,241.5,242,241.25,,,,
978,Stravinsky,24,2,2.5,0.5,harp,bass,c,242,242.5,242.5,,,,
979,Stravinsky,24,2.5,3,0.5,harp,bass,c,242.5,243,243.75,,,,
980,Stravinsky,24,3,3.5,0.5,harp,bass,d,243,243.5,245,,,,
981,Stravinsky,24,3.5,4,0.5,harp,bass,c,243.5,244,246.25,,,,
982,Stravinsky,24,4,4.5,0.5,harp,bass,b_flat,244,244.5,247.5,,,,
983,Stravinsky,24,4.5,5,0.5,harp,bass,e,244.5,245,248.75,,,,
984,Bach,25,1,2,1,organ,soprano,a,251,252,250,,,,
985,Bach,25,2,3,1,organ,soprano,g,252,253,252.5,,,,
986,Bach,25,2.5,3,0.5,organ,soprano,a,252.5,253,253.75,,,,
987,Bach,25,3,3.5,0.5,organ,soprano,b,253,253.5,255,,,,
988,Bach,25,3.5,4,0.5,organ,soprano,c,253.5,254,256.25,,,,
989,Bach,25,4,4.5,0.5,organ,soprano,d,254,254.5,257.5,,,,
990,Bach,26,1,3,2,organ,soprano,e,261,263,260,,,,
991,Bach,27,2.5,3.5,1,organ,soprano,g,272.5,273.5,273.75,,,,
992,Bach,27,3.5,3.75,0.25,organ,soprano,a,273.5,273.75,276.25,,,,
993,Bach,27,3.75,4,0.25,organ,soprano,b,273.75,274,276.875,,,,
994,Bach,27,4,4.25,0.25,organ,soprano,c,274,274.25,277.5,,,,
995,Bach,27,4.25,4.5,0.25,organ,soprano,d,274.25,274.5,278.125,,,,
996,Bach,27,4.5,4.75,0.25,organ,soprano,e,274.5,274.75,278.75,,,,
997,Bach,27,4.75,5,0.25,organ,soprano,f_sharp,274.75,275,279.375,,,,
998,Bach,25,2,3,1,organ,middle,c,252,253,252.5,,,,
999,Bach,25,3,4,1,organ,middle,b,253,254,255,,,,
1000,Bach,25,4,5,1,organ,middle,a,254,255,257.5,,,,
1001,Bach,26,1,2,1,organ,middle,g,261,262,260,,,,
1002,Bach,26,2,2.5,0.5,organ,middle,a,262,262.5,262.5,,,,
1003,Bach,26,2.5,3,0.5,organ,middle,g,262.5,263,263.75,,,,
1004,Bach,26,3,3.5,0.5,organ,middle,f,263,263.5,265,,,,
1005,Bach,26,3.5,4,0.5,organ,middle,e,263.5,264,266.25,,,,
1006,Bach,26,4,5,1,organ,middle,d,264,265,267.5,,,,
1007,Bach,27,1,3,2,organ,middle,c,271,273,270,,,,
1008,Bach,25,1,1.5,0.5,organ,bass,f,251,251.5,250,,,,
1009,Bach,25,1.5,2,0.5,organ,bass,d,251.5,252,251.25,,,,
1010,Bach,25,2,2.5,0.5,organ,bass,e,252,252.5,252.5,,,,
1011,Bach,25,2.5,3,0.5,organ,bass,f,252.5,253,253.75,,,,
1012,Bach,25,3,3.5,0.5,organ,bass,g,253,253.5,255,,,,
1013,Bach,25,3.5,4,0.5,organ,bass,e,253.5,254,256.25,,,,
1014,Bach,25,4,4.5,0.5,organ,bass,f,254,254.5,257.5,,,,
1015,Bach,25,4.5,5.5,1,organ,bass,b_flat,254.5,255.5,258.75,,,,
1016,Bach,26,1.5,2,0.5,organ,bass,g,261.5,262,261.25,,,,
1017,Bach,26,2,2.5,0.5,organ,bass,c,262,262.5,262.5,,,,
1018,Bach,26,2.5,3,0.5,organ,bass,b_flat,262.5,263,263.75,,,,
1019,Bach,26,3,3.5,0.5,organ,bass,a,263,263.5,265,,,,
1020,Bach,26,3.5,4,0.5,organ,bass,g,263.5,264,266.25,,,,
1021,Bach,26,4,4.5,0.5,organ,bass,f,264,264.5,267.5,,,,
1022,Bach,26,4.5,5,0.5,organ,bass,g,264.5,265,268.75,,,,
1023,Bach,27,1,1.5,0.5,organ,bass,a,271,271.5,270,,,,
1024,Bach,27,1.5,2,0.5,organ,bass,b,271.5,272,271.25,,,,
1025,Bach,27,2,3,1,organ,bass,c,272,273,272.5,,,,
1026,Bach,27,3,4,1,organ,bass,b,273,274,275,,,,
1027,Bach,27,4,5,1,organ,bass,a,274,275,277.5,,,,
1028,Stravinsky,25,1,2,1,flute,soprano,a,251,252,250,,,,
1029,Stravinsky,25,2,3,1,flute,soprano,g,252,253,252.5,,,,
1030,Stravinsky,25,2.5,3,0.5,flute,soprano,a,252.5,253,253.75,,,,
1031,Stravinsky,25,3,3.5,0.5,flute,soprano,b,253,253.5,255,,,,
1032,Stravinsky,25,3.5,4,0.5,flute,soprano,c,253.5,254,256.25,,,,
1033,Stravinsky,25,4,4.125,0.125,flute,soprano,e,254,254.125,257.5,,,,
1034,Stravinsky,25,4.125,4.25,0.125,flute,soprano,d,254.125,254.25,257.8125,,,,
1035,Stravinsky,25,4.25,4.375,0.125,flute,soprano,e,254.25,254.375,258.125,,,,
1036,Stravinsky,25,4.375,4.5,0.125,flute,soprano,d,254.375,254.5,258.4375,,,,
1037,Stravinsky,25,4.5,4.625,0.125,flute,soprano,e,254.5,254.625,258.75,,,,
1038,Stravinsky,25,4.625,4.75,0.125,flute,soprano,d,254.625,254.75,259.0625,,,,
1039,Stravinsky,25,4.75,4.875,0.125,flute,soprano,e,254.75,254.875,259.375,,,,
1040,Stravinsky,25,4.875,5,0.125,flute,soprano,d,254.875,255,259.6875,,,,
1041,Stravinsky,26,1,3,2,flute,soprano,e,261,263,260,,,,
1042,Stravinsky,25,1,1.5,0.5,flute_b,soprano,a,251,251.5,250,,,,
1043,Stravinsky,25,2,2.5,0.5,flute_b,soprano,g,252,252.5,252.5,,,,
1044,Stravinsky,26,1,1.5,0.5,flute_b,soprano,e,261,261.5,260,,,,
1045,Stravinsky,25,2,2.5,0.5,corno,bass,e,252,252.5,252.5,,,,
1046,Stravinsky,25,2.5,3,0.5,corno,bass,f,252.5,253,253.75,,,,
1047,Stravinsky,25,3,3.5,0.5,corno,bass,g,253,253.5,255,,,,
1048,Stravinsky,25,3.5,4,0.5,corno,bass,e,253.5,254,256.25,,,,
1049,Stravinsky,25,4,4.5,0.5,corno,bass,f,254,254.5,257.5,,,,
1050,Stravinsky,25,4.5,5.5,1,corno,bass,b_flat,254.5,255.5,258.75,,,,
1051,Stravinsky,26,1.5,2,0.5,corno,bass,g,261.5,262,261.25,,,,
1052,Stravinsky,26,2,2.5,0.5,corno,bass,c,262,262.5,262.5,,,,
1053,Stravinsky,26,2.5,3,0.5,corno,bass,b_flat,262.5,263,263.75,,,,
1054,Stravinsky,26,3,3.5,0.5,corno,bass,a,263,263.5,265,,,,
1055,Stravinsky,26,3.5,4,0.5,corno,bass,g,263.5,264,266.25,,,,
1056,Stravinsky,26,4,4.5,0.5,corno,bass,f,264,264.5,267.5,,,,
1057,Stravinsky,26,4.5,5,0.5,corno,bass,g,264.5,265,268.75,,,,
1058,Stravinsky,27,1,1.5,0.5,corno,bass,a,271,271.5,270,,,,
1059,Stravinsky,27,1.5,2,0.5,corno,bass,b,271.5,272,271.25,,,,
1060,Stravinsky,27,2,3,1,corno,bass,c,272,273,272.5,,,,
1061,Stravinsky,27,3,4,1,corno,bass,b,273,274,275,,,,
1062,Stravinsky,27,4,5,1,corno,bass,a,274,275,277.5,,,,
1063,Stravinsky,25,1,1.5,0.5,fagotti,bass,f,251,251.5,250,,,,
1064,Stravinsky,25,1.5,2,0.5,fagotti,bass,d,251.5,252,251.25,,,,
1065,Stravinsky,25,2,3,1,fagotti,middle,c,252,253,252.5,,,,
1066,Stravinsky,25,3,4,1,fagotti,middle,b,253,254,255,,,,
1067,Stravinsky,25,4,5,1,fagotti,middle,a,254,255,257.5,,,,
1068,Stravinsky,26,1,2,1,fagotti,middle,g,261,262,260,,,,
1069,Stravinsky,26,2,2.5,0.5,fagotti,middle,a,262,262.5,262.5,,,,
1070,Stravinsky,26,2.5,3,0.5,fagotti,middle,g,262.5,263,263.75,,,,
1071,Stravinsky,26,3,3.5,0.5,fagotti,middle,f,263,263.5,265,,,,
1072,Stravinsky,26,3.5,4,0.5,fagotti,middle,e,263.5,264,266.25,,,,
1073,Stravinsky,26,4,4.125,0.125,fagotti,middle,e,264,264.125,267.5,,,,
1074,Stravinsky,26,4.125,4.25,0.125,fagotti,middle,d,264.125,264.25,267.8125,,,,
1075,Stravinsky,26,4.25,4.375,0.125,fagotti,middle,e,264.25,264.375,268.125,,,,
1076,Stravinsky,26,4.375,4.5,0.125,fagotti,middle,d,264.375,264.5,268.4375,,,,
1077,Stravinsky,26,4.5,4.625,0.125,fagotti,middle,e,264.5,264.625,268.75,,,,
1078,Stravinsky,26,4.625,4.75,0.125,fagotti,middle,d,264.625,264.75,269.0625,,,,
1079,Stravinsky,26,4.75,4.875,0.125,fagotti,middle,e,264.75,264.875,269.375,,,,
1080,Stravinsky,26,4.875,5,0.125,fagotti,middle,d,264.875,265,269.6875,,,,
1081,Stravinsky,27,1,3,2,fagotti,middle,c,271,273,270,,,,
1082,Stravinsky,27,2,2.5,0.5,trombone_b,bass,c,272,272.5,272.5,,,,
1083,Stravinsky,27,3,3.5,0.5,trombone_b,bass,b,273,273.5,275,,,,
1084,Stravinsky,27,4,4.5,0.5,trombone_b,bass,a,274,274.5,277.5,,,,
1085,Stravinsky,25,1,1.5,0.5,harp,bass,f,251,251.5,250,,,,
1086,Stravinsky,25,1.5,2,0.5,harp,bass,d,251.5,252,251.25,,,,
1087,Stravinsky,25,2,2.5,0.5,harp,bass,e,252,252.5,252.5,,,,
1088,Stravinsky,25,2.5,3,0.5,harp,bass,f,252.5,253,253.75,,,,
1089,Stravinsky,25,3,3.5,0.5,harp,bass,g,253,253.5,255,,,,
1090,Stravinsky,25,3.5,4,0.5,harp,bass,e,253.5,254,256.25,,,,
1091,Stravinsky,25,4,4.5,0.5,harp,bass,f,254,254.5,257.5,,,,
1092,Stravinsky,25,4.5,5,0.5,harp,bass,b_flat,254.5,255,258.75,,,,
1093,Stravinsky,26,1.5,2,0.5,harp,bass,g,261.5,262,261.25,,,,
1094,Stravinsky,26,2,2.5,0.5,harp,bass,c,262,262.5,262.5,,,,
1095,Stravinsky,26,2.5,3,0.5,harp,bass,b_flat,262.5,263,263.75,,,,
1096,Stravinsky,26,3,3.5,0.5,harp,bass,a,263,263.5,265,,,,
1097,Stravinsky,26,3.5,4,0.5,harp,bass,g,263.5,264,266.25,,,,
1098,Stravinsky,26,4,4.5,0.5,harp,bass,f,264,264.5,267.5,,,,
1099,Stravinsky,26,4.5,5,0.5,harp,bass,g,264.5,265,268.75,,,,
1100,Stravinsky,27,1,1.5,0.5,harp,bass,a,271,271.5,270,,,,
1101,Stravinsky,27,1.5,2,0.5,harp,bass,b,271.5,272,271.25,,,,
1102,Stravinsky,27,2,3,1,harp,bass,c,272,273,272.5,,,,
1103,Stravinsky,27,2.5,3.5,1,viole,soprano,g,272.5,273.5,273.75,,,,
1104,Stravinsky,27,3.5,3.75,0.25,viole,soprano,a,273.5,273.75,276.25,,,,
1105,Stravinsky,27,3.75,4,0.25,viole,soprano,b,273.75,274,276.875,,,,
1106,Stravinsky,27,4,4.25,0.25,viole,soprano,c,274,274.25,277.5,,,,
1107,Stravinsky,27,4.25,4.5,0.25,viole,soprano,d,274.25,274.5,278.125,,,,
1108,Stravinsky,27,4.5,4.75,0.25,viole,soprano,e,274.5,274.75,278.75,,,,
1109,Stravinsky,27,4.75,5,0.25,viole,soprano,f_sharp,274.75,275,279.375,,,,
1110,Bach,28,1,1.25,0.25,organ,soprano,g,281,281.25,280,,,,
1111,Bach,28,1.25,1.5,0.25,organ,soprano,a,281.25,281.5,280.625,,,,
1112,Bach,28,1.5,1.75,0.25,organ,soprano,g,281.5,281.75,281.25,,,,
1113,Bach,28,1.75,2,0.25,organ,soprano,f,281.75,282,281.875,,,,
1114,Bach,28,2,2.25,0.25,organ,soprano,e,282,282.25,282.5,,,,
1115,Bach,28,2.25,2.5,0.25,organ,soprano,d,282.25,282.5,283.125,,,,
1116,Bach,28,2.5,2.75,0.25,organ,soprano,c,282.5,282.75,283.75,,,,
1117,Bach,28,2.75,3,0.25,organ,soprano,b,282.75,283,284.375,,,,
1118,Bach,28,3,3.25,0.25,organ,soprano,a,283,283.25,285,,,,
1119,Bach,28,3.25,3.5,0.25,organ,soprano,c,283.25,283.5,285.625,,,,
1120,Bach,28,3.5,3.75,0.25,organ,soprano,b,283.5,283.75,286.25,,,,
1121,Bach,28,3.75,4,0.25,organ,soprano,a,283.75,284,286.875,,,,
1122,Bach,28,4,4.25,0.25,organ,soprano,g,284,284.25,287.5,,,,
1123,Bach,28,4.25,4.5,0.25,organ,soprano,f,284.25,284.5,288.125,,,,
1124,Bach,28,4.5,4.75,0.25,organ,soprano,e,284.5,284.75,288.75,,,,
1125,Bach,28,4.75,5,0.25,organ,soprano,d,284.75,285,289.375,,,,
1126,Bach,29,1,1.25,0.25,organ,soprano,e,291,291.25,290,,,,
1127,Bach,29,1.25,1.5,0.25,organ,soprano,f,291.25,291.5,290.625,,,,
1128,Bach,29,1.5,1.75,0.25,organ,soprano,e,291.5,291.75,291.25,,,,
1129,Bach,29,1.75,2,0.25,organ,soprano,d,291.75,292,291.875,,,,
1130,Bach,29,2,2.25,0.25,organ,soprano,c,292,292.25,292.5,,,,
1131,Bach,29,2.25,2.5,0.25,organ,soprano,e,292.25,292.5,293.125,,,,
1132,Bach,29,2.5,2.75,0.25,organ,soprano,a,292.5,292.75,293.75,,,,
1133,Bach,29,2.75,3,0.25,organ,soprano,c,292.75,293,294.375,,,,
1134,Bach,29,3,3.25,0.25,organ,soprano,b,293,293.25,295,,,,
1135,Bach,29,3.25,3.5,0.25,organ,soprano,a,293.25,293.5,295.625,,,,
1136,Bach,29,3.5,3.75,0.25,organ,soprano,g,293.5,293.75,296.25,,,,
1137,Bach,29,3.75,4,0.25,organ,soprano,b,293.75,294,296.875,,,,
1138,Bach,29,4,4.25,0.25,organ,soprano,a,294,294.25,297.5,,,,
1139,Bach,29,4.25,4.5,0.25,organ,soprano,g,294.25,294.5,298.125,,,,
1140,Bach,29,4.5,4.75,0.25,organ,soprano,f_sharp,294.5,294.75,298.75,,,,
1141,Bach,29,4.75,5,0.25,organ,soprano,a,294.75,295,299.375,,,,
1142,Bach,30,1,1.25,0.25,organ,soprano,g,301,301.25,300,,,,
1143,Bach,30,1.25,1.5,0.25,organ,soprano,f,301.25,301.5,300.625,,,,
1144,Bach,30,1.5,1.75,0.25,organ,soprano,e,301.5,301.75,301.25,,,,
1145,Bach,30,1.75,2,0.25,organ,soprano,d,301.75,302,301.875,,,,
1146,Bach,30,2,2.25,0.25,organ,soprano,e,302,302.25,302.5,,,,
1147,Bach,30,2.25,2.5,0.25,organ,soprano,d,302.25,302.5,303.125,,,,
1148,Bach,30,2.5,2.75,0.25,organ,soprano,c,302.5,302.75,303.75,,,,
1149,Bach,30,2.75,3,0.25,organ,soprano,d,302.75,303,304.375,,,,
1150,Bach,30,3,3.25,0.25,organ,soprano,e,303,303.25,305,,,,
1151,Bach,30,3.25,3.5,0.25,organ,soprano,f_sharp,303.25,303.5,305.625,,,,
1152,Bach,30,3.5,3.75,0.25,organ,soprano,g,303.5,303.75,306.25,,,,
1153,Bach,30,3.75,4,0.25,organ,soprano,a,303.75,304,306.875,,,,
1154,Bach,30,4,4.25,0.25,organ,soprano,b,304,304.25,307.5,,,,
1155,Bach,30,4.25,4.5,0.25,organ,soprano,a,304.25,304.5,308.125,,,,
1156,Bach,30,4.5,4.75,0.25,organ,soprano,g,304.5,304.75,308.75,,,,
1157,Bach,30,4.75,5,0.25,organ,soprano,a,304.75,305,309.375,,,,
1158,Bach,28,2,3,1,organ,middle,b,282,283,282.5,,,,
1159,Bach,28,2.5,3.5,1,organ,middle,e,282.5,283.5,283.75,,,,
1160,Bach,28,3,4,1,organ,middle,c,283,284,285,,,,
1161,Bach,28,3.5,4.5,1,organ,middle,f,283.5,284.5,286.25,,,,
1162,Bach,28,4,5,1,organ,middle,d,284,285,287.5,,,,
1163,Bach,28,4.5,5.5,1,organ,middle,g,284.5,285.5,288.75,,,,
1164,Bach,29,1,2,1,organ,middle,c,291,292,290,,,,
1165,Bach,29,1.5,2,0.5,organ,middle,a,291.5,292,291.25,,,,
1166,Bach,29,2,2.5,0.5,organ,middle,e,292,292.5,292.5,,,,
1167,Bach,29,2,2.5,0.5,organ,middle,g,292,292.5,292.5,,,,
1168,Bach,29,2.5,3.5,1,organ,middle,f_sharp,292.5,293.5,293.75,,,,
1169,Bach,29,3,4,1,organ,middle,d,293,294,295,,,,
1170,Bach,29,3.5,4,0.5,organ,middle,b,293.5,294,296.25,,,,
1171,Bach,29,4,4.5,0.5,organ,middle,e,294,294.5,297.5,,,,
1172,Bach,29,4,5,1,organ,middle,c,294,295,297.5,,,,
1173,Bach,29,4.5,5,0.5,organ,middle,d,294.5,295,298.75,,,,
1174,Bach,30,1,2,1,organ,middle,b,301,302,300,,,,
1175,Bach,30,1.5,2,0.5,organ,middle,g,301.5,302,301.25,,,,
1176,Bach,28,1,2,1,organ,bass,b,281,282,280,,,,
1177,Bach,28,2,3,1,organ,bass,g,282,283,282.5,,,,
1178,Bach,28,3,4,1,organ,bass,a,283,284,285,,,,
1179,Bach,28,4,5,1,organ,bass,b,284,285,287.5,,,,
1180,Bach,29,1,2,1,organ,bass,c,291,292,290,,,,
1181,Bach,30,2,3,1,organ,bass,c,302,303,302.5,,,,
1182,Bach,30,3,4,1,organ,bass,c,303,304,305,,,,
1183,Bach,30,4,5,1,organ,bass,g,304,305,307.5,,,,
1184,Stravinsky,28,1.5,2.5,1,flute,decoration,g,281.5,282.5,281.25,,,,
1185,Stravinsky,28,2.5,2.75,0.25,flute,decoration,a,282.5,282.75,283.75,,,,
1186,Stravinsky,28,2.75,3,0.25,flute,decoration,b,282.75,283,284.375,,,,
1187,Stravinsky,28,3,3.25,0.25,flute,decoration,c,283,283.25,285,,,,
1188,Stravinsky,28,3.25,3.5,0.25,flute,decoration,d,283.25,283.5,285.625,,,,
1189,Stravinsky,28,3.5,3.75,0.25,flute,decoration,e,283.5,283.75,286.25,,,,
1190,Stravinsky,28,3.75,4,0.25,flute,decoration,f,283.75,284,286.875,,,,
1191,Stravinsky,28,4,4.25,0.25,flute,decoration,g,284,284.25,287.5,,,,
1192,Stravinsky,28,4.25,4.5,0.25,flute,decoration,a,284.25,284.5,288.125,,,,
1193,Stravinsky,28,4.5,4.75,0.25,flute,decoration,g,284.5,284.75,288.75,,,,
1194,Stravinsky,28,4.75,5,0.25,flute,decoration,f,284.75,285,289.375,,,,
1195,Stravinsky,29,1,1.25,0.25,flute,soprano,e,291,291.25,290,,,,
1196,Stravinsky,29,1.25,1.5,0.25,flute,soprano,f,291.25,291.5,290.625,,,,
1197,Stravinsky,29,1.5,1.75,0.25,flute,soprano,e,291.5,291.75,291.25,,,,
1198,Stravinsky,29,1.75,2,0.25,flute,soprano,d,291.75,292,291.875,,,,
1199,Stravinsky,29,2,2.25,0.25,flute,soprano,c,292,292.25,292.5,,,,
1200,Stravinsky,29,2.25,2.5,0.25,flute,soprano,e,292.25,292.5,293.125,,,,
1201,Stravinsky,29,2.5,2.75,0.25,flute,soprano,a,292.5,292.75,293.75,,,,
1202,Stravinsky,29,2.75,3,0.25,flute,soprano,c,292.75,293,294.375,,,,
1203,Stravinsky,29,3,3.25,0.25,flute,soprano,b,293,293.25,295,,,,
1204,Stravinsky,29,3.25,3.5,0.25,flute,soprano,a,293.25,293.5,295.625,,,,
1205,Stravinsky,29,3.5,3.75,0.25,flute,soprano,g,293.5,293.75,296.25,,,,
1206,Stravinsky,29,4,4.25,0.25,flute,soprano,a,294,294.25,297.5,,,,
1207,Stravinsky,29,4.25,4.5,0.25,flute,soprano,g,294.25,294.5,298.125,,,,
1208,Stravinsky,29,4.5,4.75,0.25,flute,soprano,f_sharp,294.5,294.75,298.75,,,,
1209,Stravinsky,30,1,1.25,0.25,flute,soprano,g,301,301.25,300,,,,
1210,Stravinsky,30,1.25,1.5,0.25,flute,soprano,f,301.25,301.5,300.625,,,,
1211,Stravinsky,30,1.5,1.75,0.25,flute,soprano,e,301.5,301.75,301.25,,,,
1212,Stravinsky,30,1.75,2,0.25,flute,soprano,d,301.75,302,301.875,,,,
1213,Stravinsky,30,2,2.25,0.25,flute,soprano,e,302,302.25,302.5,,,,
1214,Stravinsky,30,2.25,2.5,0.25,flute,soprano,d,302.25,302.5,303.125,,,,
1215,Stravinsky,30,2.5,2.75,0.25,flute,soprano,c,302.5,302.75,303.75,,,,
1216,Stravinsky,30,2.75,3,0.25,flute,soprano,d,302.75,303,304.375,,,,
1217,Stravinsky,30,3,3.25,0.25,flute,soprano,e,303,303.25,305,,,,
1218,Stravinsky,30,3.25,3.5,0.25,flute,soprano,f_sharp,303.25,303.5,305.625,,,,
1219,Stravinsky,30,3.5,3.75,0.25,flute,soprano,g,303.5,303.75,306.25,,,,
1220,Stravinsky,30,3.75,4,0.25,flute,soprano,a,303.75,304,306.875,,,,
1221,Stravinsky,30,4,4.25,0.25,flute,decoration,d,304,304.25,307.5,,,,
1222,Stravinsky,30,4.25,4.5,0.25,flute,decoration,e,304.25,304.5,308.125,,,,
1223,Stravinsky,30,4.5,4.75,0.25,flute,decoration,f,304.5,304.75,308.75,,,,
1224,Stravinsky,30,4.75,5,0.25,flute,decoration,c,304.75,305,309.375,,,,
1225,Stravinsky,28,1.5,2.5,1,flute_b,decoration,g,281.5,282.5,281.25,,,,
1226,Stravinsky,28,2.5,2.75,0.25,flute_b,decoration,a,282.5,282.75,283.75,,,,
1227,Stravinsky,28,2.75,3,0.25,flute_b,decoration,b,282.75,283,284.375,,,,
1228,Stravinsky,28,3,3.25,0.25,flute_b,decoration,c,283,283.25,285,,,,
1229,Stravinsky,28,3.25,3.5,0.25,flute_b,decoration,d,283.25,283.5,285.625,,,,
1230,Stravinsky,28,3.5,3.75,0.25,flute_b,decoration,e,283.5,283.75,286.25,,,,
1231,Stravinsky,28,3.75,4,0.25,flute_b,decoration,f,283.75,284,286.875,,,,
1232,Stravinsky,28,4,4.25,0.25,flute_b,decoration,g,284,284.25,287.5,,,,
1233,Stravinsky,28,4.25,4.5,0.25,flute_b,decoration,a,284.25,284.5,288.125,,,,
1234,Stravinsky,28,4.5,4.75,0.25,flute_b,decoration,g,284.5,284.75,288.75,,,,
1235,Stravinsky,28,4.75,5,0.25,flute_b,decoration,f,284.75,285,289.375,,,,
1236,Stravinsky,29,1,1.25,0.25,flute_b,soprano,e,291,291.25,290,,,,
1237,Stravinsky,29,1.25,1.5,0.25,flute_b,soprano,f,291.25,291.5,290.625,,,,
1238,Stravinsky,29,1.5,1.75,0.25,flute_b,soprano,e,291.5,291.75,291.25,,,,
1239,Stravinsky,29,1.75,2,0.25,flute_b,soprano,d,291.75,292,291.875,,,,
1240,Stravinsky,29,2,2.25,0.25,flute_b,soprano,c,292,292.25,292.5,,,,
1241,Stravinsky,29,2.25,2.5,0.25,flute_b,soprano,e,292.25,292.5,293.125,,,,
1242,Stravinsky,29,2.5,2.75,0.25,flute_b,soprano,a,292.5,292.75,293.75,,,,
1243,Stravinsky,29,2.75,3,0.25,flute_b,soprano,c,292.75,293,294.375,,,,
1244,Stravinsky,29,3,3.25,0.25,flute_b,soprano,b,293,293.25,295,,,,
1245,Stravinsky,29,3.75,4,0.25,flute_b,soprano,b,293.75,294,296.875,,,,
1246,Stravinsky,29,4,4.25,0.25,flute_b,soprano,a,294,294.25,297.5,,,,
1247,Stravinsky,29,4.75,5,0.25,flute_b,soprano,a,294.75,295,299.375,,,,
1248,Stravinsky,30,1,1.25,0.25,flute_b,soprano,g,301,301.25,300,,,,
1249,Stravinsky,30,1.25,1.5,0.25,flute_b,soprano,f,301.25,301.5,300.625,,,,
1250,Stravinsky,30,1.5,1.75,0.25,flute_b,soprano,e,301.5,301.75,301.25,,,,
1251,Stravinsky,30,1.75,2,0.25,flute_b,soprano,d,301.75,302,301.875,,,,
1252,Stravinsky,30,2,2.25,0.25,flute_b,soprano,e,302,302.25,302.5,,,,
1253,Stravinsky,30,2.25,2.5,0.25,flute_b,soprano,d,302.25,302.5,303.125,,,,
1254,Stravinsky,30,2.5,2.75,0.25,flute_b,soprano,c,302.5,302.75,303.75,,,,
1255,Stravinsky,30,2.75,3,0.25,flute_b,soprano,d,302.75,303,304.375,,,,
1256,Stravinsky,30,3,3.25,0.25,flute_b,soprano,e,303,303.25,305,,,,
1257,Stravinsky,30,3.25,3.5,0.25,flute_b,soprano,f_sharp,303.25,303.5,305.625,,,,
1258,Stravinsky,30,3.5,3.75,0.25,flute_b,soprano,g,303.5,303.75,306.25,,,,
1259,Stravinsky,30,3.75,4,0.25,flute_b,soprano,a,303.75,304,306.875,,,,
1260,Stravinsky,30,4,4.25,0.25,flute_b,decoration,d,304,304.25,307.5,,,,
1261,Stravinsky,30,4.25,4.5,0.25,flute_b,decoration,e,304.25,304.5,308.125,,,,
1262,Stravinsky,30,4.5,4.75,0.25,flute_b,decoration,f,304.5,304.75,308.75,,,,
1263,Stravinsky,30,4.75,5,0.25,flute_b,decoration,c,304.75,305,309.375,,,,
1264,Stravinsky,28,2,3,1,oboe,middle,b,282,283,282.5,,,,
1265,Stravinsky,28,3,4,1,oboe,middle,c,283,284,285,,,,
1266,Stravinsky,28,4,5,1,oboe,middle,d,284,285,287.5,,,,
1267,Stravinsky,29,1,2,1,oboe,middle,c,291,292,290,,,,
1268,Stravinsky,29,2,3,1,oboe,middle,e,292,293,292.5,,,,
1269,Stravinsky,29,3,4,1,oboe,middle,d,293,294,295,,,,
1270,Stravinsky,29,4,5,1,oboe,middle,c,294,295,297.5,,,,
1271,Stravinsky,30,1,2,1,oboe,middle,b,301,302,300,,,,
1272,Stravinsky,28,2,3,1,corno,bass,,282,283,282.5,,,,
1273,Stravinsky,28,3,4,1,corno,bass,,283,284,285,,,,
1274,Stravinsky,28,4,5,1,corno,bass,,284,285,287.5,,,,
1275,Stravinsky,29,1,2,1,corno,bass,,291,292,290,,,,
1276,Stravinsky,30,2,3,1,corno,bass,,302,303,302.5,,,,
1277,Stravinsky,30,3,4,1,corno,bass,,303,304,305,,,,
1278,Stravinsky,30,4,5,1,corno,bass,,304,305,307.5,,,,
1279,Stravinsky,28,2.5,3.5,1,trombe,middle,e,282.5,283.5,283.75,,,,
1280,Stravinsky,28,3.5,4.5,1,trombe,middle,f,283.5,284.5,286.25,,,,
1281,Stravinsky,28,4.5,5.5,1,trombe,middle,g,284.5,285.5,288.75,,,,
1282,Stravinsky,29,1.5,2,0.5,trombe,middle,a,291.5,292,291.25,,,,
1283,Stravinsky,29,2,2.5,0.5,trombe,middle,g,292,292.5,292.5,,,,
1284,Stravinsky,29,2.5,3.5,1,trombe,middle,f_sharp,292.5,293.5,293.75,,,,
1285,Stravinsky,29,3.5,4,0.5,trombe,middle,b,293.5,294,296.25,,,,
1286,Stravinsky,29,4,4.5,0.5,trombe,middle,e,294,294.5,297.5,,,,
1287,Stravinsky,29,4.5,5.5,1,trombe,middle,d,294.5,295.5,298.75,,,,
1288,Stravinsky,30,1.5,2,0.5,trombe,middle,g,301.5,302,301.25,,,,
1289,Stravinsky,28,2,2.5,0.5,trombone,middle,b,282,282.5,282.5,,,,
1290,Stravinsky,28,3,3.5,0.5,trombone,middle,c,283,283.5,285,,,,
1291,Stravinsky,28,4,4.5,0.5,trombone,middle,d,284,284.5,287.5,,,,
1292,Stravinsky,29,1,1.5,0.5,trombone,middle,c,291,291.5,290,,,,
1293,Stravinsky,29,2,2.5,0.5,trombone,middle,e,292,292.5,292.5,,,,
1294,Stravinsky,29,3,3.5,0.5,trombone,middle,d,293,293.5,295,,,,
1295,Stravinsky,29,4,4.5,0.5,trombone,middle,c,294,294.5,297.5,,,,
1296,Stravinsky,30,1,1.5,0.5,trombone,middle,b,301,301.5,300,,,,
1297,Stravinsky,28,1,1.5,0.5,trombone_b,bass,b,281,281.5,280,,,,
1298,Stravinsky,28,2,2.5,0.5,trombone_b,bass,g,282,282.5,282.5,,,,
1299,Stravinsky,28,3,3.5,0.5,trombone_b,bass,a,283,283.5,285,,,,
1300,Stravinsky,28,4,4.5,0.5,trombone_b,bass,b,284,284.5,287.5,,,,
1301,Stravinsky,29,1,1.5,0.5,trombone_b,bass,c,291,291.5,290,,,,
1302,Stravinsky,30,2,2.5,0.5,trombone_b,bass,c,302,302.5,302.5,,,,
1303,Stravinsky,30,3,3.5,0.5,trombone_b,bass,c,303,303.5,305,,,,
1304,Stravinsky,30,4,4.5,0.5,trombone_b,bass,g,304,304.5,307.5,,,,
1305,Stravinsky,28,1,1.25,0.25,viole,soprano,g,281,281.25,280,,,,
1306,Stravinsky,28,1.25,1.5,0.25,viole,soprano,a,281.25,281.5,280.625,,,,
1307,Stravinsky,28,1.5,1.75,0.25,viole,soprano,g,281.5,281.75,281.25,,,,
1308,Stravinsky,28,1.75,2,0.25,viole,soprano,f,281.75,282,281.875,,,,
1309,Stravinsky,28,2,2.25,0.25,viole,soprano,e,282,282.25,282.5,,,,
1310,Stravinsky,28,2.25,2.5,0.25,viole,soprano,d,282.25,282.5,283.125,,,,
1311,Stravinsky,28,2.5,2.75,0.25,viole,soprano,c,282.5,282.75,283.75,,,,
1312,Stravinsky,28,2.75,3,0.25,viole,soprano,b,282.75,283,284.375,,,,
1313,Stravinsky,28,3,3.25,0.25,viole,soprano,a,283,283.25,285,,,,
1314,Stravinsky,28,3.25,3.5,0.25,viole,soprano,c,283.25,283.5,285.625,,,,
1315,Stravinsky,28,3.5,3.75,0.25,viole,soprano,b,283.5,283.75,286.25,,,,
1316,Stravinsky,28,3.75,4,0.25,viole,soprano,a,283.75,284,286.875,,,,
1317,Stravinsky,28,4,4.25,0.25,viole,soprano,g,284,284.25,287.5,,,,
1318,Stravinsky,28,4.25,4.5,0.25,viole,soprano,f,284.25,284.5,288.125,,,,
1319,Stravinsky,28,4.5,4.75,0.25,viole,soprano,e,284.5,284.75,288.75,,,,
1320,Stravinsky,28,4.75,5,0.25,viole,soprano,d,284.75,285,289.375,,,,
1321,Stravinsky,29,1,1.25,0.25,viole,decoration,e,291,291.25,290,,,,
1322,Stravinsky,29,1.25,1.5,0.25,viole,decoration,f,291.25,291.5,290.625,,,,
1323,Stravinsky,29,1.5,1.75,0.25,viole,decoration,e,291.5,291.75,291.25,,,,
1324,Stravinsky,29,1.75,2,0.25,viole,decoration,d,291.75,292,291.875,,,,
1325,Stravinsky,29,2,2.25,0.25,viole,decoration,c,292,292.25,292.5,,,,
1326,Stravinsky,29,2.25,2.5,0.25,viole,decoration,e,292.25,292.5,293.125,,,,
1327,Stravinsky,29,2.5,2.75,0.25,viole,decoration,a,292.5,292.75,293.75,,,,
1328,Stravinsky,29,2.75,3,0.25,viole,decoration,c,292.75,293,294.375,,,,
1329,Stravinsky,29,3,3.25,0.25,viole,decoration,b,293,293.25,295,,,,
1330,Stravinsky,29,3.25,3.5,0.25,viole,decoration,a,293.25,293.5,295.625,,,,
1331,Stravinsky,29,3.5,3.75,0.25,viole,decoration,g,293.5,293.75,296.25,,,,
1332,Stravinsky,29,3.75,4,0.25,viole,decoration,b,293.75,294,296.875,,,,
1333,Stravinsky,29,4,4.25,0.25,viole,decoration,a,294,294.25,297.5,,,,
1334,Stravinsky,29,4.25,4.5,0.25,viole,decoration,g,294.25,294.5,298.125,,,,
1335,Stravinsky,29,4.5,4.75,0.25,viole,decoration,f_sharp,294.5,294.75,298.75,,,,
1336,Stravinsky,29,4.75,5,0.25,viole,decoration,a,294.75,295,299.375,,,,
1337,Stravinsky,30,1,1.25,0.25,viole,decoration,g,301,301.25,300,,,,
1338,Stravinsky,30,1.25,1.5,0.25,viole,decoration,f,301.25,301.5,300.625,,,,
1339,Stravinsky,30,1.5,1.75,0.25,viole,decoration,e,301.5,301.75,301.25,,,,
1340,Stravinsky,30,1.75,2,0.25,viole,decoration,d,301.75,302,301.875,,,,
1341,Stravinsky,30,2,2.25,0.25,viole,decoration,e,302,302.25,302.5,,,,
1342,Stravinsky,30,2.25,2.5,0.25,viole,decoration,d,302.25,302.5,303.125,,,,
1343,Stravinsky,30,2.5,2.75,0.25,viole,decoration,c,302.5,302.75,303.75,,,,
1344,Stravinsky,30,2.75,3,0.25,viole,decoration,d,302.75,303,304.375,,,,
1345,Stravinsky,30,3,3.25,0.25,viole,decoration,e,303,303.25,305,,,,
1346,Stravinsky,30,3.25,3.5,0.25,viole,decoration,f_sharp,303.25,303.5,305.625,,,,
1347,Stravinsky,30,3.5,3.75,0.25,viole,decoration,g,303.5,303.75,306.25,,,,
1348,Stravinsky,30,3.75,4,0.25,viole,decoration,a,303.75,304,306.875,,,,
1349,Stravinsky,30,4,4.25,0.25,viole,soprano,b,304,304.25,307.5,,,,
1350,Stravinsky,30,4.25,4.5,0.25,viole,soprano,a,304.25,304.5,308.125,,,,
1351,Stravinsky,30,4.5,4.75,0.25,viole,soprano,g,304.5,304.75,308.75,,,,
1352,Stravinsky,30,4.75,5,0.25,viole,soprano,a,304.75,305,309.375,,,,
1353,Bach,31,1,1.25,0.25,organ,soprano,b,311,311.25,310,,,,
1354,Bach,31,1.25,1.5,0.25,organ,soprano,d,311.25,311.5,310.625,,,,
1355,Bach,31,1.5,1.75,0.25,organ,soprano,e,311.5,311.75,311.25,,,,
1356,Bach,31,1.75,2,0.25,organ,soprano,f,311.75,312,311.875,,,,
1357,Bach,31,2,2.25,0.25,organ,soprano,g,312,312.25,312.5,,,,
1358,Bach,31,2.25,2.5,0.25,organ,soprano,a,312.25,312.5,313.125,,,,
1359,Bach,31,2.5,2.75,0.25,organ,soprano,g,312.5,312.75,313.75,,,,
1360,Bach,31,2.75,3,0.25,organ,soprano,f,312.75,313,314.375,,,,
1361,Bach,31,3,3.25,0.25,organ,soprano,e,313,313.25,315,,,,
1362,Bach,31,3.25,3.5,0.25,organ,soprano,f_sharp,313.25,313.5,315.625,,,,
1363,Bach,31,3.5,3.75,0.25,organ,soprano,g,313.5,313.75,316.25,,,,
1364,Bach,31,3.75,4,0.25,organ,soprano,a,313.75,314,316.875,,,,
1365,Bach,31,4,4.25,0.25,organ,soprano,b,314,314.25,317.5,,,,
1366,Bach,31,4.25,4.5,0.25,organ,soprano,c,314.25,314.5,318.125,,,,
1367,Bach,31,4.5,4.75,0.25,organ,soprano,b,314.5,314.75,318.75,,,,
1368,Bach,31,4.75,5,0.25,organ,soprano,a,314.75,315,319.375,,,,
1369,Bach,32,1,1.25,0.25,organ,soprano,g,321,321.25,320,,,,
1370,Bach,32,1.25,1.5,0.25,organ,soprano,e,321.25,321.5,320.625,,,,
1371,Bach,32,1.5,1.75,0.25,organ,soprano,d,321.5,321.75,321.25,,,,
1372,Bach,32,1.75,2,0.25,organ,soprano,c,321.75,322,321.875,,,,
1373,Bach,32,2,2.25,0.25,organ,soprano,b,322,322.25,322.5,,,,
1374,Bach,32,2.25,2.5,0.25,organ,soprano,c,322.25,322.5,323.125,,,,
1375,Bach,32,2.5,2.75,0.25,organ,soprano,d,322.5,322.75,323.75,,,,
1376,Bach,32,2.75,3,0.25,organ,soprano,a,322.75,323,324.375,,,,
1377,Bach,32,3,3.25,0.25,organ,soprano,g,323,323.25,325,,,,
1378,Bach,32,3.25,3.5,0.25,organ,soprano,c,323.25,323.5,325.625,,,,
1379,Bach,32,3.5,3.75,0.25,organ,soprano,b,323.5,323.75,326.25,,,,
1380,Bach,32,3.75,4,0.25,organ,soprano,a,323.75,324,326.875,,,,
1381,Bach,32,4,4.25,0.25,organ,soprano,g,324,324.25,327.5,,,,
1382,Bach,32,4.25,4.5,0.25,organ,soprano,f_sharp,324.25,324.5,328.125,,,,
1383,Bach,32,4.5,4.75,0.25,organ,soprano,e,324.5,324.75,328.75,,,,
1384,Bach,32,4.75,5,0.25,organ,soprano,d_sharp,324.75,325,329.375,,,,
1385,Bach,31,2,3,1,organ,middle,b,312,313,312.5,,,,
1386,Bach,31,3,4,1,organ,middle,b,313,314,315,,,,
1387,Bach,31,3.5,3.75,0.25,organ,middle,e,313.5,313.75,316.25,,,,
1388,Bach,31,3.75,4,0.25,organ,middle,f_sharp,313.75,314,316.875,,,,
1389,Bach,31,4,5,1,organ,middle,e,314,315,317.5,,,,
1390,Bach,31,4,4.5,0.5,organ,middle,g,314,314.5,317.5,,,,
1391,Bach,31,4.5,5,0.5,organ,middle,a,314.5,315,318.75,,,,
1392,Bach,32,1,1.5,0.5,organ,middle,b,321,321.5,320,,,,
1393,Bach,32,1,2,1,organ,middle,e,321,322,320,,,,
1394,Bach,32,1.5,2.5,1,organ,middle,e,321.5,322.5,321.25,,,,
1395,Bach,32,2,2.5,0.5,organ,middle,g,322,322.5,322.5,,,,
1396,Bach,32,2.5,3,0.5,organ,middle,f_sharp,322.5,323,323.75,,,,
1397,Bach,32,2.5,3,0.5,organ,middle,a,322.5,323,323.75,,,,
1398,Bach,32,3,4,1,organ,middle,e,323,324,325,,,,
1399,Bach,32,3,3.5,0.5,organ,middle,b,323,323.5,325,,,,
1400,Bach,32,3.5,4,0.5,organ,middle,g,323.5,324,326.25,,,,
1401,Bach,32,4,5,1,organ,middle,c,324,325,327.5,,,,
1402,Bach,32,4.5,5,0.5,organ,middle,f,324.5,325,328.75,,,,
1403,Bach,31,1,2,1,organ,bass,g,311,312,310,,,,
1404,Bach,31,2,2.5,0.5,organ,bass,e,312,312.5,312.5,,,,
1405,Bach,31,2.5,3,0.5,organ,bass,f,312.5,313,313.75,,,,
1406,Bach,31,3,4.5,1.5,organ,bass,g,313,314.5,315,,,,
1407,Bach,31,4.5,5,0.5,organ,bass,f,314.5,315,318.75,,,,
1408,Bach,32,1,2,1,organ,bass,e,321,322,320,,,,
1409,Stravinsky,31,1,1.25,0.25,flute,decoration,d,311,311.25,310,,,,
1410,Stravinsky,31,1.25,1.5,0.25,flute,decoration,c,311.25,311.5,310.625,,,,
1411,Stravinsky,31,1.5,1.75,0.25,flute,decoration,b,311.5,311.75,311.25,,,,
1412,Stravinsky,31,1.75,2,0.25,flute,decoration,a,311.75,312,311.875,,,,
1413,Stravinsky,31,2,2.25,0.25,flute,decoration,b,312,312.25,312.5,,,,
1414,Stravinsky,31,2.25,2.5,0.25,flute,soprano,a,312.25,312.5,313.125,,,,
1415,Stravinsky,31,2.5,2.75,0.25,flute,soprano,g,312.5,312.75,313.75,,,,
1416,Stravinsky,31,2.75,3,0.25,flute,soprano,f,312.75,313,314.375,,,,
1417,Stravinsky,31,3,3.25,0.25,flute,soprano,e,313,313.25,315,,,,
1418,Stravinsky,31,3.25,3.5,0.25,flute,soprano,f_sharp,313.25,313.5,315.625,,,,
1419,Stravinsky,31,3.5,3.75,0.25,flute,soprano,g,313.5,313.75,316.25,,,,
1420,Stravinsky,31,3.75,4,0.25,flute,soprano,a,313.75,314,316.875,,,,
1421,Stravinsky,31,4,4.25,0.25,flute,soprano,b,314,314.25,317.5,,,,
1422,Stravinsky,31,4.25,4.5,0.25,flute,soprano,c,314.25,314.5,318.125,,,,
1423,Stravinsky,31,4.5,4.75,0.25,flute,soprano,b,314.5,314.75,318.75,,,,
1424,Stravinsky,31,4.75,5,0.25,flute,soprano,a,314.75,315,319.375,,,,
1425,Stravinsky,32,1,1.25,0.25,flute,soprano,g,321,321.25,320,,,,
1426,Stravinsky,32,1.25,1.5,0.25,flute,soprano,e,321.25,321.5,320.625,,,,
1427,Stravinsky,32,1.5,1.75,0.25,flute,soprano,d,321.5,321.75,321.25,,,,
1428,Stravinsky,32,1.75,2,0.25,flute,soprano,c,321.75,322,321.875,,,,
1429,Stravinsky,32,2,2.25,0.25,flute,soprano,b,322,322.25,322.5,,,,
1430,Stravinsky,32,2.25,2.5,0.25,flute,soprano,c,322.25,322.5,323.125,,,,
1431,Stravinsky,32,2.5,2.75,0.25,flute,soprano,d,322.5,322.75,323.75,,,,
1432,Stravinsky,32,2.75,3,0.25,flute,soprano,a,322.75,323,324.375,,,,
1433,Stravinsky,32,3,3.25,0.25,flute,decoration,g,323,323.25,325,,,,
1434,Stravinsky,32,3.25,3.5,0.25,flute,decoration,f_sharp,323.25,323.5,325.625,,,,
1435,Stravinsky,32,3.5,3.75,0.25,flute,decoration,g,323.5,323.75,326.25,,,,
1436,Stravinsky,32,3.75,4,0.25,flute,decoration,a,323.75,324,326.875,,,,
1437,Stravinsky,32,4,4.25,0.25,flute,decoration,b,324,324.25,327.5,,,,
1438,Stravinsky,32,4.25,4.5,0.25,flute,decoration,f_sharp,324.25,324.5,328.125,,,,
1439,Stravinsky,32,4.5,4.75,0.25,flute,decoration,a,324.5,324.75,328.75,,,,
1440,Stravinsky,32,4.75,5,0.25,flute,decoration,f_sharp,324.75,325,329.375,,,,
1441,Stravinsky,31,1,1.25,0.25,flute_b,decoration,d,311,311.25,310,,,,
1442,Stravinsky,31,1.25,1.5,0.25,flute_b,decoration,c,311.25,311.5,310.625,,,,
1443,Stravinsky,31,1.5,1.75,0.25,flute_b,decoration,b,311.5,311.75,311.25,,,,
1444,Stravinsky,31,1.75,2,0.25,flute_b,decoration,a,311.75,312,311.875,,,,
1445,Stravinsky,31,2,2.25,0.25,flute_b,decoration,b,312,312.25,312.5,,,,
1446,Stravinsky,31,2.25,2.5,0.25,flute_b,decoration,a,312.25,312.5,313.125,,,,
1447,Stravinsky,31,2.5,2.75,0.25,flute_b,decoration,g,312.5,312.75,313.75,,,,
1448,Stravinsky,31,2.75,3,0.25,flute_b,decoration,f,312.75,313,314.375,,,,
1449,Stravinsky,31,3,3.25,0.25,flute_b,soprano,e,313,313.25,315,,,,
1450,Stravinsky,31,3.25,3.5,0.25,flute_b,soprano,f_sharp,313.25,313.5,315.625,,,,
1451,Stravinsky,31,3.5,3.75,0.25,flute_b,soprano,g,313.5,313.75,316.25,,,,
1452,Stravinsky,31,3.75,4,0.25,flute_b,soprano,a,313.75,314,316.875,,,,
1453,Stravinsky,31,4,4.25,0.25,flute_b,soprano,b,314,314.25,317.5,,,,
1454,Stravinsky,31,4.25,4.5,0.25,flute_b,soprano,c,314.25,314.5,318.125,,,,
1455,Stravinsky,31,4.5,4.75,0.25,flute_b,soprano,b,314.5,314.75,318.75,,,,
1456,Stravinsky,31,4.75,5,0.25,flute_b,soprano,a,314.75,315,319.375,,,,
1457,Stravinsky,32,1,1.25,0.25,flute_b,soprano,g,321,321.25,320,,,,
1458,Stravinsky,32,1.25,1.5,0.25,flute_b,soprano,e,321.25,321.5,320.625,,,,
1459,Stravinsky,32,1.5,1.75,0.25,flute_b,soprano,d,321.5,321.75,321.25,,,,
1460,Stravinsky,32,1.75,2,0.25,flute_b,soprano,c,321.75,322,321.875,,,,
1461,Stravinsky,32,2,2.25,0.25,flute_b,soprano,b,322,322.25,322.5,,,,
1462,Stravinsky,32,2.25,2.5,0.25,flute_b,soprano,c,322.25,322.5,323.125,,,,
1463,Stravinsky,32,2.5,2.75,0.25,flute_b,soprano,d,322.5,322.75,323.75,,,,
1464,Stravinsky,32,2.75,3,0.25,flute_b,soprano,a,322.75,323,324.375,,,,
1465,Stravinsky,32,3,3.25,0.25,flute_b,decoration,g,323,323.25,325,,,,
1466,Stravinsky,32,3.25,3.5,0.25,flute_b,decoration,f_sharp,323.25,323.5,325.625,,,,
1467,Stravinsky,32,3.5,3.75,0.25,flute_b,decoration,g,323.5,323.75,326.25,,,,
1468,Stravinsky,32,3.75,4,0.25,flute_b,decoration,a,323.75,324,326.875,,,,
1469,Stravinsky,32,4,4.25,0.25,flute_b,decoration,b,324,324.25,327.5,,,,
1470,Stravinsky,32,4.25,4.5,0.25,flute_b,decoration,f_sharp,324.25,324.5,328.125,,,,
1471,Stravinsky,32,4.5,4.75,0.25,flute_b,decoration,a,324.5,324.75,328.75,,,,
1472,Stravinsky,32,4.75,5,0.25,flute_b,decoration,f_sharp,324.75,325,329.375,,,,
1473,Stravinsky,31,2,3,1,oboe,middle,b,312,313,312.5,,,,
1474,Stravinsky,31,3,4,1,oboe,middle,b,313,314,315,,,,
1475,Stravinsky,31,4,5,1,oboe,middle,e,314,315,317.5,,,,
1476,Stravinsky,32,1,2,1,oboe,middle,e,321,322,320,,,,
1477,Stravinsky,32,2,2.5,0.5,oboe,middle,g,322,322.5,322.5,,,,
1478,Stravinsky,32,2.5,3,0.5,oboe,middle,f_sharp,322.5,323,323.75,,,,
1479,Stravinsky,32,3,4.5,1.5,oboe,middle,e,323,324.5,325,,,,
1480,Stravinsky,32,4.5,5,0.5,oboe,middle,f_sharp,324.5,325,328.75,,,,
1481,Stravinsky,31,1,2,1,corno,bass,g,311,312,310,,,,
1482,Stravinsky,31,2,2.5,0.5,corno,bass,e,312,312.5,312.5,,,,
1483,Stravinsky,31,2.5,3,0.5,corno,bass,f,312.5,313,313.75,,,,
1484,Stravinsky,31,3,4.5,1.5,corno,bass,g,313,314.5,315,,,,
1485,Stravinsky,31,4.5,5,0.5,corno,bass,f,314.5,315,318.75,,,,
1486,Stravinsky,32,1,2,1,corno,bass,e,321,322,320,,,,
1487,Stravinsky,31,3.5,3.75,0.25,trombe,middle,e,313.5,313.75,316.25,,,,
1488,Stravinsky,31,3.75,4,0.25,trombe,middle,f_sharp,313.75,314,316.875,,,,
1489,Stravinsky,31,4,4.5,0.5,trombe,middle,g,314,314.5,317.5,,,,
1490,Stravinsky,31,4.5,5,0.5,trombe,middle,a,314.5,315,318.75,,,,
1491,Stravinsky,32,1,1.5,0.5,trombe,middle,b,321,321.5,320,,,,
1492,Stravinsky,32,1.5,2.5,1,trombe,middle,e,321.5,322.5,321.25,,,,
1493,Stravinsky,32,2.5,3,0.5,trombe,middle,a,322.5,323,323.75,,,,
1494,Stravinsky,32,3,3.5,0.5,trombe,middle,b,323,323.5,325,,,,
1495,Stravinsky,32,3.5,4,0.5,trombe,middle,g,323.5,324,326.25,,,,
1496,Stravinsky,32,4,5,1,trombe,middle,c,324,325,327.5,,,,
1497,Stravinsky,31,2,2.5,0.5,trombone,middle,b,312,312.5,312.5,,,,
1498,Stravinsky,31,3,3.5,0.5,trombone,middle,b,313,313.5,315,,,,
1499,Stravinsky,31,4,4.5,0.5,trombone,middle,e,314,314.5,317.5,,,,
1500,Stravinsky,32,1,1.5,0.5,trombone,middle,e,321,321.5,320,,,,
1501,Stravinsky,32,2,2.5,0.5,trombone,middle,g,322,322.5,322.5,,,,
1502,Stravinsky,32,3,3.5,0.5,trombone,middle,e,323,323.5,325,,,,
1503,Stravinsky,31,1,1.5,0.5,trombone_2,bass,g,311,311.5,310,,,,
1504,Stravinsky,31,2,2.5,0.5,trombone_3,bass,e,312,312.5,312.5,,,,
1505,Stravinsky,31,3,3.5,0.5,trombone_4,bass,g,313,313.5,315,,,,
1506,Stravinsky,32,1,1.5,0.5,trombone_5,bass,e,321,321.5,320,,,,
1507,Stravinsky,31,1,1.25,0.25,viole,soprano,b,311,311.25,310,,,,
1508,Stravinsky,31,1.25,1.5,0.25,viole,soprano,d,311.25,311.5,310.625,,,,
1509,Stravinsky,31,1.5,1.75,0.25,viole,soprano,e,311.5,311.75,311.25,,,,
1510,Stravinsky,31,1.75,2,0.25,viole,soprano,f,311.75,312,311.875,,,,
1511,Stravinsky,31,2,2.25,0.25,viole,soprano,g,312,312.25,312.5,,,,
1512,Stravinsky,31,2.25,2.5,0.25,viole,decoration,a,312.25,312.5,313.125,,,,
1513,Stravinsky,31,2.5,2.75,0.25,viole,decoration,g,312.5,312.75,313.75,,,,
1514,Stravinsky,31,2.75,3,0.25,viole,decoration,f,312.75,313,314.375,,,,
1515,Stravinsky,31,3,3.25,0.25,viole,decoration,e,313,313.25,315,,,,
1516,Stravinsky,31,3.25,3.5,0.25,viole,decoration,f_sharp,313.25,313.5,315.625,,,,
1517,Stravinsky,31,3.5,3.75,0.25,viole,decoration,g,313.5,313.75,316.25,,,,
1518,Stravinsky,31,3.75,4,0.25,viole,decoration,a,313.75,314,316.875,,,,
1519,Stravinsky,31,4,4.25,0.25,viole,decoration,b,314,314.25,317.5,,,,
1520,Stravinsky,31,4.25,4.5,0.25,viole,decoration,c,314.25,314.5,318.125,,,,
1521,Stravinsky,31,4.5,4.75,0.25,viole,decoration,b,314.5,314.75,318.75,,,,
1522,Stravinsky,31,4.75,5,0.25,viole,decoration,a,314.75,315,319.375,,,,
1523,Stravinsky,32,1,1.25,0.25,viole,decoration,g,321,321.25,320,,,,
1524,Stravinsky,32,1.25,1.5,0.25,viole,decoration,e,321.25,321.5,320.625,,,,
1525,Stravinsky,32,1.5,1.75,0.25,viole,decoration,d,321.5,321.75,321.25,,,,
1526,Stravinsky,32,1.75,2,0.25,viole,decoration,c,321.75,322,321.875,,,,
1527,Stravinsky,32,2,2.25,0.25,viole,decoration,b,322,322.25,322.5,,,,
1528,Stravinsky,32,2.25,2.5,0.25,viole,decoration,c,322.25,322.5,323.125,,,,
1529,Stravinsky,32,2.5,2.75,0.25,viole,decoration,d,322.5,322.75,323.75,,,,
1530,Stravinsky,32,2.75,3,0.25,viole,decoration,a,322.75,323,324.375,,,,
1531,Stravinsky,32,3,3.25,0.25,viole,decoration,g,323,323.25,325,,,,
1532,Stravinsky,32,3.25,3.5,0.25,viole,soprano,c,323.25,323.5,325.625,,,,
1533,Stravinsky,32,3.5,3.75,0.25,viole,soprano,b,323.5,323.75,326.25,,,,
1534,Stravinsky,32,3.75,4,0.25,viole,soprano,a,323.75,324,326.875,,,,
1535,Stravinsky,32,4,4.25,0.25,viole,soprano,g,324,324.25,327.5,,,,
1536,Stravinsky,32,4.25,4.5,0.25,viole,soprano,f_sharp,324.25,324.5,328.125,,,,
1537,Stravinsky,32,4.5,4.75,0.25,viole,soprano,e,324.5,324.75,328.75,,,,
1538,Stravinsky,32,4.75,5,0.25,viole,soprano,d_sharp,324.75,325,329.375,,,,
1539,Bach,33,1,,,,,,331,330,330,,,,
1540,,,1.25,,,,,,1.25,0,0.625,,,,
1541,,,1.5,,,,,,1.5,0,1.25,,,,
1542,,,1.75,,,,,,1.75,0,1.875,,,,
1543,,,2,,,,,,2,0,2.5,,,,
1544,,,2.25,,,,,,2.25,0,3.125,,,,
1545,,,2.5,,,,,,2.5,0,3.75,,,,
1546,,,2.75,,,,,,2.75,0,4.375,,,,
1547,,,3,,,,,,3,0,5,,,,
1548,,,3.25,,,,,,3.25,0,5.625,,,,
1549,,,3.5,,,,,,3.5,0,6.25,,,,
1550,,,3.75,,,,,,3.75,0,6.875,,,,
1551,,,4,,,,,,4,0,7.5,,,,
1552,,,4.25,,,,,,4.25,0,8.125,,,,
1553,,,4.5,,,,,,4.5,0,8.75,,,,
1554,,,4.75,,,,,,4.75,0,9.375,,,,
,,,1,,,,,,1,0,0,,,,
,,,1.25,,,,,,1.25,0,0.625,,,,
,,,1.5,,,,,,1.5,0,1.25,,,,
,,,1.75,,,,,,1.75,0,1.875,,,,
,,,2,,,,,,2,0,2.5,,,,
,,,2.25,,,,,,2.25,0,3.125,,,,
,,,2.5,,,,,,2.5,0,3.75,,,,
,,,2.75,,,,,,2.75,0,4.375,,,,
,,,3,,,,,,3,0,5,,,,
,,,3.25,,,,,,3.25,0,5.625,,,,
,,,3.5,,,,,,3.5,0,6.25,,,,
,,,3.75,,,,,,3.75,0,6.875,,,,
,,,4,,,,,,,,,,,,
,,,4.25,,,,,,,,,,,,
,,,4.5,,,,,,,,,,,,
,,,4.75,,,,,,,,,,,,
,,,1,,,,,,,,,,,,
,,,1.25,,,,,,,,,,,,
,,,1.5,,,,,,,,,,,,
,,,1.75,,,,,,,,,,,,
,,,2,,,,,,,,,,,,
,,,2.25,,,,,,,,,,,,
,,,2.5,,,,,,,,,,,,
,,,2.75,,,,,,,,,,,,
,,,3,,,,,,,,,,,,
,,,3.25,,,,,,,,,,,,
,,,3.5,,,,,,,,,,,,
,,,3.75,,,,,,,,,,,,
,,,4,,,,,,,,,,,,
,,,4.25,,,,,,,,,,,,
,,,4.5,,,,,,,,,,,,
,,,4.75,,,,,,,,,,,,